2017/3/1,烟台第36号店,创意菜,'http://www.meituan.com/shop/104231117',肉,,318,5,8,711.34,烟台,烟台市福山区81号街,18888888888
2017/3/1,临沂第72号店,创意菜,'http://www.meituan.com/shop/94930380',肉,1032,2648,5分,212,25145.3,临沂,临沂市罗庄区18号街,18888888888
2017/3/1,青岛第61号店,创意菜,'http://www.meituan.com/shop/4873038',八,2868,1188,5,30,4092.76,青岛,青岛市黄岛区20号街,18888888888
2017/7/1,潍坊第75号店,茶馆,'http://linyi.meituan.com/shop/82494122',,,,3.5,2,40,潍坊,潍坊市寒亭区28号街,18888888888
2017/6/1,临沂第48号店,霸王餐,'http://junan.meituan.com/shop/42503561',,209,1165,5,19,192.27,临沂,临沂市兰山区96号街,18888888888
2017/4/1,潍坊第49号店,蒙餐,'http://www.meituan.com/shop/116734874',,120,,5,2,363.96,潍坊,潍坊市寒亭区77号街,18888888888
2017/4/1,烟台第59号店,蒙餐,'http://www.meituan.com/shop/81516664',羊,482,7924,4.8,307,27266.1,烟台,烟台市蓬莱区3号街,18888888888
2017/3/1,济南第61号店,蒙餐,'http://www.meituan.com/shop/91719563',,,,4.7,0,0,济南,济南市齐州区22号街,18888888888
2017/3/1,临沂第92号店,其他美食,'http://www.meituan.com/shop/68354700',,,,"分
                                ",0,0,临沂,临沂市兰山区26号街,18888888888
2017/3/1,青岛第83号店,其他美食,'http://www.meituan.com/shop/51557867',,,,3.5,0,0,青岛,青岛市黄岛区32号街,18888888888
2017/3/1,潍坊第14号店,其他美食,'http://www.meituan.com/shop/93151620',果,,,4.4,1,13.81,潍坊,潍坊市坊子区68号街,18888888888
2017/3/1,济南第3号店,火锅,'http://www.meituan.com/shop/97978161',,,1160,5,29,260.79,济南,济南市历城区47号街,18888888888
2017/3/1,济南第22号店,火锅,'http://www.meituan.com/shop/82108065',涮,241,2425,5,61,546.32,济南,济南市历城区18号街,18888888888
2017/3/1,临沂第82号店,火锅,'http://www.meituan.com/shop/114220026',,244,,5,0,67.19,临沂,临沂市兰山区58号街,18888888888
2017/7/1,烟台第55号店,咖啡酒吧茶馆,'http://wf.meituan.com/shop/41285461',,,495,4.9,97,2180.3,烟台,烟台市蓬莱区88号街,18888888888
2017/7/1,济南第10号店,咖啡酒吧茶馆,'http://zaozhuang.meituan.com/shop/6815502',,740,335,5,67,5443.1,济南,济南市天桥区9号街,18888888888
2017/7/1,济南第99号店,咖啡酒吧茶馆,'http://jining.meituan.com/shop/159176961',,,239,5,47,1353.6,济南,济南市槐荫区94号街,18888888888
2017/3/1,临沂第20号店,自助餐,'http://www.meituan.com/shop/77433062',榴,12858,17341,5,438,28842.3,临沂,临沂市罗庄区5号街,18888888888
2017/3/1,烟台第24号店,自助餐,'http://www.meituan.com/shop/6594000',哈,6501,51519,5,1301,218641,烟台,烟台市莱山区7号街,18888888888
2017/3/1,济南第66号店,自助餐,'http://www.meituan.com/shop/105478734',,,,3.5,3,207.13,济南,济南市历城区3号街,18888888888
2017/6/1,潍坊第52号店,创意菜,'http://rizhao.meituan.com/shop/87916325',,363,195,5,3,407.19,潍坊,潍坊市潍城区17号街,18888888888
2017/6/1,潍坊第7号店,创意菜,'http://rizhao.meituan.com/shop/101761495',,1625,2292,5,37,2779.11,潍坊,潍坊市寒亭区1号街,18888888888
2017/6/1,潍坊第14号店,创意菜,'http://rizhao.meituan.com/shop/4366431',手,2838,605,5,9,697.84,潍坊,潍坊市潍城区71号街,18888888888
2017/3/1,烟台第23号店,京菜鲁菜,'http://www.meituan.com/shop/95458430',,168,132,3.9,4,185.41,烟台,烟台市莱山区86号街,18888888888
2017/3/1,潍坊第82号店,京菜鲁菜,'exceptionhttp://www.meituan.com/shop/41012267',火,,455,5,12,1041.15,潍坊,潍坊市寒亭区65号街,18888888888
2017/3/1,临沂第66号店,京菜鲁菜,'http://www.meituan.com/shop/6269589',,,,4.8,0,99.78,临沂,临沂市兰山区69号街,18888888888
2017/3/1,济南第69号店,其他美食,'http://www.meituan.com/shop/6954562',,,,"分
                                ",0,0,济南,济南市槐荫区27号街,18888888888
2017/3/1,潍坊第0号店,其他美食,'http://www.meituan.com/shop/93664875',,,,"分
                                ",0,0,潍坊,潍坊市寒亭区3号街,18888888888
2017/3/1,临沂第8号店,其他美食,'http://www.meituan.com/shop/80264513',,1160,9312,5,236,12298.9,临沂,临沂市罗庄区53号街,18888888888
2017/3/1,济南第43号店,其他美食,'http://www.meituan.com/shop/51903483',,,,"分
                                ",0,0,济南,济南市齐州区36号街,18888888888
2017/3/1,临沂第31号店,其他美食,'http://www.meituan.com/shop/62931245',,,,"分
                                ",0,47.49,临沂,临沂市河东区84号街,18888888888
2017/3/1,烟台第6号店,其他美食,'http://www.meituan.com/shop/6482942',,606,463,4,12,2027.44,烟台,烟台市牟平区54号街,18888888888
2017/3/1,济南第99号店,其他美食,'http://www.meituan.com/shop/92268529',,,,"分
                                ",0,0,济南,济南市天桥区67号街,18888888888
2017/3/1,烟台第49号店,其他美食,'http://www.meituan.com/shop/75119296',,11097,7708,5,161,765.46,烟台,烟台市牟平区1号街,18888888888
2017/3/1,济南第75号店,其他美食,'http://www.meituan.com/shop/61439247',,124,,4.3,1,234.42,济南,济南市历下区94号街,18888888888
2017/3/1,潍坊第36号店,其他美食,'http://www.meituan.com/shop/89112155',,188,,4.2,3,251.35,潍坊,潍坊市奎文区67号街,18888888888
2017/3/1,临沂第40号店,京菜鲁菜,'http://www.meituan.com/shop/96083439',,250,100,5,0,0,临沂,临沂市罗庄区70号街,18888888888
2017/3/1,济南第67号店,京菜鲁菜,'http://www.meituan.com/shop/94344942',,,,"分
                                ",0,0,济南,济南市历下区37号街,18888888888
2017/3/1,济南第38号店,京菜鲁菜,'http://www.meituan.com/shop/49699',,260,285,4.1,7,957.89,济南,济南市槐荫区98号街,18888888888
2017/3/1,潍坊第61号店,京菜鲁菜,'http://www.meituan.com/shop/74855255',,,,4,0,86.9,潍坊,潍坊市潍城区96号街,18888888888
2017/3/1,烟台第96号店,京菜鲁菜,'http://www.meituan.com/shop/97307339',,,,"分
                                ",0,50.27,烟台,烟台市芝罘区47号街,18888888888
2017/3/1,青岛第19号店,京菜鲁菜,'http://www.meituan.com/shop/80358653',,,,"分
                                ",0,0,青岛,青岛市黄岛区36号街,18888888888
2017/3/1,青岛第64号店,火锅,'http://www.meituan.com/shop/1393702',撒,7476,2728,3.9,69,5405.05,青岛,青岛市黄岛区37号街,18888888888
2017/3/1,烟台第95号店,火锅,'http://www.meituan.com/shop/92270770',,,,"分
                                ",0,0,烟台,烟台市福山区8号街,18888888888
2017/3/1,临沂第26号店,火锅,'http://www.meituan.com/shop/1393619',,632,464,5,6,459.24,临沂,临沂市河东区71号街,18888888888
2017/3/1,济南第71号店,火锅,'http://www.meituan.com/shop/42861666',,1127,1732,4.6,29,3781.53,济南,济南市齐州区67号街,18888888888
2017/3/1,青岛第23号店,火锅,'http://www.meituan.com/shop/41061233',,2700,710,5,1,181.38,青岛,青岛市崂山区42号街,18888888888
2017/3/1,烟台第37号店,火锅,'http://www.meituan.com/shop/41743373',菜,1491,948,5,59,4357.74,烟台,烟台市蓬莱区76号街,18888888888
2017/3/1,潍坊第24号店,火锅,'http://www.meituan.com/shop/88404385',,195,412,4.2,11,279.16,潍坊,潍坊市奎文区86号街,18888888888
2017/3/1,潍坊第38号店,火锅,'http://www.meituan.com/shop/68557759',,312,691,5,37,453.35,潍坊,潍坊市奎文区55号街,18888888888
2017/3/1,临沂第22号店,火锅,'http://www.meituan.com/shop/4992543',手,1767,2324,4.9,53,6063.86,临沂,临沂市兰山区91号街,18888888888
2017/3/1,青岛第32号店,火锅,'http://www.meituan.com/shop/97662478',,151,1481,5,37,3289.96,青岛,青岛市崂山区53号街,18888888888
2017/6/1,潍坊第33号店,创意菜,'http://rizhao.meituan.com/shop/104472898',大,1168,700,4.7,12,1167.94,潍坊,潍坊市潍城区57号街,18888888888
2017/6/1,济南第22号店,创意菜,'http://rizhao.meituan.com/shop/150436474',,690,328,5,5,398.73,济南,济南市天桥区3号街,18888888888
2017/3/1,潍坊第99号店,京菜鲁菜,'http://www.meituan.com/shop/6529555',,,,4.4,1,28.92,潍坊,潍坊市潍城区48号街,18888888888
2017/5/1,济南第41号店,创意菜,'http://www.meituan.com/shop/4366431',手,2568,416,4.8,15,1464.01,济南,济南市齐州区78号街,18888888888
2017/5/1,济南第91号店,创意菜,'http://www.meituan.com/shop/150436474',,295,185,5,5,275.18,济南,济南市历下区88号街,18888888888
2017/5/1,临沂第10号店,创意菜,'http://www.meituan.com/shop/101761495',,755,1709,5,54,3982.17,临沂,临沂市罗庄区20号街,18888888888
2017/5/1,青岛第12号店,创意菜,'http://www.meituan.com/shop/104472898',大,652,378,4.6,6,672.67,青岛,青岛市四方区61号街,18888888888
2017/5/1,济南第81号店,创意菜,'http://www.meituan.com/shop/93949964',风,220,118,4.3,1,128.13,济南,济南市槐荫区6号街,18888888888
2017/4/1,青岛第49号店,自助餐,'http://www.meituan.com/shop/51725566',海,,,4.1,0,0,青岛,青岛市黄岛区44号街,18888888888
2017/4/1,济南第77号店,自助餐,'http://www.meituan.com/shop/104351544',水,2064,31674,4.7,3616,179296,济南,济南市槐荫区28号街,18888888888
2017/4/1,青岛第12号店,自助餐,'http://www.meituan.com/shop/6341405',烤,9753,25501,5,56,1716.51,青岛,青岛市四方区72号街,18888888888
2017/4/1,青岛第6号店,自助餐,'http://www.meituan.com/shop/42916486',大,10018,31782,4.8,158,8423.3,青岛,青岛市崂山区55号街,18888888888
2017/4/1,临沂第2号店,自助餐,'http://www.meituan.com/shop/2536979',牛,5462,8185,5,685,47433.2,临沂,临沂市河东区5号街,18888888888
2017/3/1,烟台第56号店,自助餐,'http://www.meituan.com/shop/2174820',刺,2226,693,4.4,164,16890.9,烟台,烟台市福山区77号街,18888888888
2017/3/1,青岛第94号店,自助餐,'http://www.meituan.com/shop/98003016',海,1725,,4.3,0,223.81,青岛,青岛市市北区56号街,18888888888
2017/3/1,临沂第43号店,自助餐,'http://www.meituan.com/shop/101325656',水,181,2751,4,69,1305.98,临沂,临沂市河东区51号街,18888888888
2017/3/1,临沂第43号店,自助餐,'http://www.meituan.com/shop/5872682',大,2862,,4.7,0,165.71,临沂,临沂市河东区20号街,18888888888
2017/3/1,青岛第3号店,自助餐,'http://www.meituan.com/shop/1269790',好,2732,,4.5,3,609.29,青岛,青岛市四方区66号街,18888888888
2017/3/1,烟台第60号店,川湘菜,'http://www.meituan.com/shop/95313816',,176,409,5,11,964.97,烟台,烟台市莱山区97号街,18888888888
2017/3/1,青岛第20号店,川湘菜,'http://www.meituan.com/shop/4918077',,1728,,4.5,3,63,青岛,青岛市市北区82号街,18888888888
2017/3/1,青岛第47号店,川湘菜,'http://www.meituan.com/shop/78583381',,750,160,4.4,6,211.88,青岛,青岛市市北区81号街,18888888888
2017/3/1,烟台第68号店,川湘菜,'http://www.meituan.com/shop/5527069',,997,433,5,12,380.68,烟台,烟台市福山区10号街,18888888888
2017/3/1,潍坊第81号店,川湘菜,'http://www.meituan.com/shop/40839701',,215,712,4.7,30,1142.29,潍坊,潍坊市潍城区2号街,18888888888
2017/3/1,临沂第29号店,川湘菜,'http://www.meituan.com/shop/90845158',,,,"分
                                ",0,0,临沂,临沂市罗庄区45号街,18888888888
2017/3/1,临沂第1号店,川湘菜,'http://www.meituan.com/shop/5356083',,3277,2434,5,53,1851.33,临沂,临沂市兰山区68号街,18888888888
2017/3/1,烟台第10号店,川湘菜,'http://www.meituan.com/shop/97580959',,,,3.7,1,52.89,烟台,烟台市牟平区61号街,18888888888
2017/3/1,潍坊第90号店,川湘菜,'http://www.meituan.com/shop/51275385',清,708,1122,5,33,3784.58,潍坊,潍坊市潍城区41号街,18888888888
2017/3/1,烟台第26号店,川湘菜,'http://www.meituan.com/shop/96684974',,,,4.4,2,179.45,烟台,烟台市牟平区59号街,18888888888
2017/3/1,潍坊第55号店,川湘菜,'http://www.meituan.com/shop/91354180',,,,4.4,2,13.34,潍坊,潍坊市奎文区47号街,18888888888
2017/3/1,青岛第22号店,川湘菜,'http://www.meituan.com/shop/91428751',,,199,5,5,166.22,青岛,青岛市市北区17号街,18888888888
2017/3/1,济南第67号店,川湘菜,'http://www.meituan.com/shop/96501254',,212,214,4.3,0,0,济南,济南市历下区19号街,18888888888
2017/3/1,烟台第5号店,川湘菜,'http://www.meituan.com/shop/90360874',,,,"分
                                ",0,0,烟台,烟台市牟平区95号街,18888888888
2017/3/1,潍坊第29号店,川湘菜,'http://www.meituan.com/shop/94200670',,266,,4.9,2,113.68,潍坊,潍坊市奎文区18号街,18888888888
2017/3/1,济南第16号店,川湘菜,'http://www.meituan.com/shop/78576139',,700,439,4.2,11,864.93,济南,济南市历城区98号街,18888888888
2017/3/1,临沂第10号店,川湘菜,'http://www.meituan.com/shop/77520361',石,1065,1367,5,46,3483.46,临沂,临沂市河东区66号街,18888888888
2017/3/1,烟台第29号店,川湘菜,'http://www.meituan.com/shop/2174802',,,,4.1,3,267.77,烟台,烟台市芝罘区19号街,18888888888
2017/3/1,潍坊第91号店,川湘菜,'http://www.meituan.com/shop/6746144',,841,809,5,20,1533.08,潍坊,潍坊市寒亭区80号街,18888888888
2017/3/1,济南第33号店,川湘菜,'http://www.meituan.com/shop/102339707',,,155,4.7,4,103.97,济南,济南市历城区32号街,18888888888
2017/3/1,烟台第86号店,自助餐,'http://www.meituan.com/shop/99260569',烤,2134,15739,4.3,398,24801.1,烟台,烟台市芝罘区69号街,18888888888
2017/3/1,烟台第72号店,自助餐,'http://www.meituan.com/shop/107231009',大,,258,3.6,23,566.09,烟台,烟台市莱山区1号街,18888888888
2017/3/1,烟台第21号店,自助餐,'http://www.meituan.com/shop/105099329',,1420,4512,3.7,114,7920.9,烟台,烟台市莱山区84号街,18888888888
2017/3/1,济南第57号店,自助餐,'http://www.meituan.com/shop/115434432',,,250,5,48,5262.32,济南,济南市天桥区80号街,18888888888
2017/3/1,潍坊第32号店,自助餐,'http://www.meituan.com/shop/4035418',清,350,1628,4.4,1,15.76,潍坊,潍坊市寒亭区45号街,18888888888
2017/8/1,潍坊第8号店,咖啡酒吧茶馆,'http://rizhao.meituan.com/shop/52467156',,344,287,4.5,14,812,潍坊,潍坊市寒亭区37号街,18888888888
2017/7/1,青岛第6号店,咖啡酒吧茶馆,'http://rizhao.meituan.com/shop/91220283',,138,2068,5,404,40984,青岛,青岛市四方区8号街,18888888888
2017/8/1,烟台第90号店,咖啡酒吧茶馆,'http://rizhao.meituan.com/shop/40963178',,588,434,5,15,679.2,烟台,烟台市福山区10号街,18888888888
2017/7/1,烟台第80号店,咖啡酒吧茶馆,'http://rizhao.meituan.com/shop/5086038',,,,4.5,15,1140,烟台,烟台市福山区26号街,18888888888
2017/7/1,青岛第21号店,咖啡酒吧茶馆,'http://rizhao.meituan.com/shop/98545481',,,943,5,185,3257.1,青岛,青岛市黄岛区99号街,18888888888
2017/7/1,济南第39号店,咖啡酒吧茶馆,'http://rizhao.meituan.com/shop/80251859',,,112,4.9,23,2086,济南,济南市历城区63号街,18888888888
2017/7/1,济南第66号店,咖啡酒吧茶馆,'http://rizhao.meituan.com/shop/99587776',,414,571,5,114,9942,济南,济南市历城区51号街,18888888888
2017/7/1,青岛第21号店,咖啡酒吧茶馆,'http://rizhao.meituan.com/shop/42570355',,282,932,4.3,182,8936,青岛,青岛市黄岛区9号街,18888888888
2017/7/1,潍坊第1号店,咖啡酒吧茶馆,'http://rizhao.meituan.com/shop/71808325',,1106,2773,5,541,93680,潍坊,潍坊市潍城区97号街,18888888888
2017/3/1,青岛第96号店,京菜鲁菜,'http://www.meituan.com/shop/42073436',,,108,4.2,0,0,青岛,青岛市黄岛区31号街,18888888888
2017/7/1,烟台第1号店,咖啡酒吧茶馆,'http://rizhao.meituan.com/shop/112920039',,,312,4.5,57,467.1,烟台,烟台市芝罘区87号街,18888888888
2017/3/1,临沂第11号店,京菜鲁菜,'http://www.meituan.com/shop/97399377',,1115,,4.1,0,19.7,临沂,临沂市兰山区31号街,18888888888
2017/3/1,济南第9号店,京菜鲁菜,'http://www.meituan.com/shop/6962480',,138,,4.3,2,179.15,济南,济南市槐荫区90号街,18888888888
2017/3/1,济南第63号店,京菜鲁菜,'http://www.meituan.com/shop/96260553',,,,3.5,0,127.32,济南,济南市槐荫区74号街,18888888888
2017/3/1,济南第79号店,京菜鲁菜,'http://www.meituan.com/shop/6326805',,15064,291,5,50,29654.9,济南,济南市历下区60号街,18888888888
2017/3/1,临沂第75号店,京菜鲁菜,'http://www.meituan.com/shop/4546575',,111,,4.4,0,0,临沂,临沂市罗庄区20号街,18888888888
2017/3/1,潍坊第98号店,京菜鲁菜,'http://www.meituan.com/shop/96770055',,,,"分
                                ",0,0,潍坊,潍坊市寒亭区60号街,18888888888
2017/3/1,青岛第1号店,京菜鲁菜,'http://www.meituan.com/shop/40839891',,276,270,4.8,6,86.88,青岛,青岛市四方区33号街,18888888888
2017/3/1,临沂第69号店,京菜鲁菜,'http://www.meituan.com/shop/92803219',,,,"分
                                ",0,0,临沂,临沂市罗庄区24号街,18888888888
2017/3/1,青岛第50号店,京菜鲁菜,'http://www.meituan.com/shop/41844147',,188,173,4.9,5,678,青岛,青岛市黄岛区24号街,18888888888
2017/3/1,青岛第52号店,自助餐,'http://www.meituan.com/shop/64926508',芝,5805,10779,5,400,93802.7,青岛,青岛市四方区69号街,18888888888
2017/7/1,青岛第83号店,咖啡酒吧茶馆,'http://linyi.meituan.com/shop/159200200',,,,"分
                                ",4,143.8,青岛,青岛市市南区79号街,18888888888
2017/7/1,济南第84号店,咖啡酒吧茶馆,'http://jining.meituan.com/shop/158371841',,,,5,15,281.5,济南,济南市天桥区77号街,18888888888
2017/3/1,烟台第36号店,自助餐,'http://www.meituan.com/shop/101928276',火,3493,554,4.3,15,866.08,烟台,烟台市蓬莱区16号街,18888888888
2017/7/1,济南第35号店,咖啡酒吧茶馆,'http://weihai.meituan.com/shop/157759666',,,,"分
                                ",2,56,济南,济南市历城区84号街,18888888888
2017/7/1,临沂第78号店,咖啡酒吧茶馆,'http://qd.meituan.com/shop/67254969',,200,481,3.8,95,6471.6,临沂,临沂市罗庄区33号街,18888888888
2017/7/1,青岛第67号店,咖啡酒吧茶馆,'http://linyi.meituan.com/shop/2579369',,,883,4.5,172,15824,青岛,青岛市市北区28号街,18888888888
2017/7/1,青岛第14号店,咖啡酒吧茶馆,'http://linyi.meituan.com/shop/42625606',,,260,5,51,2824.9,青岛,青岛市市南区69号街,18888888888
2017/7/1,济南第70号店,咖啡酒吧茶馆,'http://linyi.meituan.com/shop/52748131',,,136,4,27,1828.8,济南,济南市历城区25号街,18888888888
2017/3/1,青岛第60号店,其他美食,'http://www.meituan.com/shop/66570082',,508,678,5,56,9480.87,青岛,青岛市黄岛区12号街,18888888888
2017/3/1,烟台第88号店,其他美食,'http://www.meituan.com/shop/42559794',,216,197,4.8,0,0,烟台,烟台市芝罘区4号街,18888888888
2017/3/1,青岛第51号店,火锅,'http://www.meituan.com/shop/2174849',金,5235,3799,5,123,13286.4,青岛,青岛市市北区86号街,18888888888
2017/3/1,烟台第78号店,火锅,'http://www.meituan.com/shop/51544144',烤,3722,8561,4.8,176,17472.9,烟台,烟台市福山区51号街,18888888888
2017/3/1,济南第93号店,火锅,'http://www.meituan.com/shop/6588304',丸,2320,2002,5,159,26724.9,济南,济南市齐州区48号街,18888888888
2017/3/1,临沂第50号店,火锅,'http://www.meituan.com/shop/78815030',,140,,4.7,0,47.96,临沂,临沂市河东区79号街,18888888888
2017/3/1,青岛第5号店,火锅,'http://www.meituan.com/shop/4557338',牛,598,819,4.7,10,811.63,青岛,青岛市市北区29号街,18888888888
2017/3/1,济南第10号店,火锅,'http://www.meituan.com/shop/40748456',,630,351,3.9,12,852.81,济南,济南市历城区60号街,18888888888
2017/3/1,临沂第87号店,火锅,'http://www.meituan.com/shop/78148701',梅,336,491,5,13,618.38,临沂,临沂市罗庄区94号街,18888888888
2017/3/1,临沂第24号店,火锅,'http://www.meituan.com/shop/96721617',,392,1324,5,9,791.42,临沂,临沂市罗庄区37号街,18888888888
2017/3/1,潍坊第64号店,火锅,'http://www.meituan.com/shop/77008252',毛,3804,5405,5,138,19896.2,潍坊,潍坊市坊子区70号街,18888888888
2017/3/1,济南第32号店,火锅,'http://www.meituan.com/shop/110626683',,,,4.8,3,336.98,济南,济南市槐荫区37号街,18888888888
2017/3/1,烟台第12号店,其他美食,'http://www.meituan.com/shop/4712539',,405,355,4,10,1589.16,烟台,烟台市牟平区50号街,18888888888
2017/3/1,济南第76号店,其他美食,'http://www.meituan.com/shop/52515549',,,,"分
                                ",0,0,济南,济南市历城区14号街,18888888888
2017/3/1,青岛第85号店,其他美食,'http://www.meituan.com/shop/64104525',,,,4.1,1,124.79,青岛,青岛市市北区93号街,18888888888
2017/3/1,临沂第44号店,其他美食,'http://www.meituan.com/shop/1269556',,1095,105,5,6,1811.21,临沂,临沂市罗庄区28号街,18888888888
2017/3/1,烟台第14号店,其他美食,'http://www.meituan.com/shop/104364481',,204,102,5,3,64.26,烟台,烟台市福山区49号街,18888888888
2017/3/1,烟台第92号店,其他美食,'http://www.meituan.com/shop/42719812',,1136,259,5,4,340.01,烟台,烟台市芝罘区18号街,18888888888
2017/3/1,济南第39号店,其他美食,'http://www.meituan.com/shop/41117888',,182,,4.2,0,0,济南,济南市天桥区23号街,18888888888
2017/3/1,济南第48号店,其他美食,'http://www.meituan.com/shop/42656587',,,,"分
                                ",0,9.85,济南,济南市齐州区0号街,18888888888
2017/7/1,烟台第42号店,酒吧,'http://ta.meituan.com/shop/40604698',,204,1780,5,346,73708,烟台,烟台市蓬莱区6号街,18888888888
2017/7/1,济南第94号店,酒吧,'http://yt.meituan.com/shop/89819921',,,178,5,35,3080,济南,济南市齐州区23号街,18888888888
2017/7/1,潍坊第68号店,酒吧,'http://wf.meituan.com/shop/2504683',,,478,5,94,5100,潍坊,潍坊市坊子区97号街,18888888888
2017/7/1,济南第58号店,酒吧,'http://qd.meituan.com/shop/4443814',,168,103,5,22,3411,济南,济南市齐州区72号街,18888888888
2017/7/1,临沂第55号店,酒吧,'http://yt.meituan.com/shop/3306844',,408,9628,5,1868,108344,临沂,临沂市罗庄区96号街,18888888888
2017/7/1,济南第7号店,酒吧,'http://wf.meituan.com/shop/133238923',,322,,"分
                                ",4,699.9,济南,济南市槐荫区41号街,18888888888
2017/7/1,临沂第88号店,酒吧,'http://zaozhuang.meituan.com/shop/98336749',,,,"分
                                ",5,210.49,临沂,临沂市兰山区79号街,18888888888
2017/7/1,临沂第4号店,酒吧,'http://qd.meituan.com/shop/150006415',,,,"分
                                ",3,580,临沂,临沂市兰山区14号街,18888888888
2017/7/1,潍坊第18号店,酒吧,'http://dy.meituan.com/shop/67464535',,352,276,5,57,3626,潍坊,潍坊市奎文区94号街,18888888888
2017/7/1,烟台第51号店,酒吧,'http://wf.meituan.com/shop/98213718',,130,416,5,85,8042.7,烟台,烟台市福山区4号街,18888888888
2017/3/1,济南第72号店,火锅,'http://www.meituan.com/shop/92894060',大,,161,3.8,0,0,济南,济南市天桥区17号街,18888888888
2017/3/1,济南第22号店,火锅,'http://www.meituan.com/shop/92299000',,1736,1967,5,73,8479.04,济南,济南市齐州区41号街,18888888888
2017/3/1,临沂第41号店,火锅,'http://www.meituan.com/shop/5155695',,1356,2708,5,69,1347.62,临沂,临沂市罗庄区64号街,18888888888
2017/3/1,潍坊第14号店,火锅,'http://www.meituan.com/shop/99633745',,,,4.1,2,88.41,潍坊,潍坊市潍城区1号街,18888888888
2017/3/1,潍坊第84号店,火锅,'exceptionhttp://www.meituan.com/shop/103174753',,570,942,5,24,1961.75,潍坊,潍坊市潍城区4号街,18888888888
2017/3/1,青岛第93号店,火锅,'http://www.meituan.com/shop/42068348',大,10836,4777,4.4,122,12319.9,青岛,青岛市四方区6号街,18888888888
2017/3/1,烟台第67号店,火锅,'http://www.meituan.com/shop/91394506',,267,616,5,16,1290.33,烟台,烟台市牟平区48号街,18888888888
2017/3/1,烟台第29号店,素食,'http://www.meituan.com/shop/4159371',豆,3114,7946,4.6,201,2590.62,烟台,烟台市芝罘区29号街,18888888888
2017/3/1,烟台第72号店,素食,'http://www.meituan.com/shop/152215419',,,,"分
                                ",1,11.01,烟台,烟台市福山区60号街,18888888888
2017/3/1,临沂第45号店,素食,'http://www.meituan.com/shop/40078973',韭,6788,29767,5,527,7445.09,临沂,临沂市兰山区26号街,18888888888
2017/3/1,烟台第53号店,素食,'http://www.meituan.com/shop/62053016',风,1720,7758,4.5,196,4699.01,烟台,烟台市牟平区29号街,18888888888
2017/3/1,烟台第0号店,素食,'http://www.meituan.com/shop/91197621',,,260,4,6,656.28,烟台,烟台市蓬莱区87号街,18888888888
2017/3/1,烟台第33号店,素食,'http://www.meituan.com/shop/2456007',麻,301,,4.4,3,123.5,烟台,烟台市蓬莱区63号街,18888888888
2017/8/1,青岛第27号店,创意菜,'http://rizhao.meituan.com/shop/125111392',,260,109,4.6,109,14102,青岛,青岛市市北区45号街,18888888888
2017/8/1,烟台第90号店,创意菜,'http://rizhao.meituan.com/shop/101761495',,1950,2664,5,95,6900,烟台,烟台市牟平区49号街,18888888888
2017/8/1,潍坊第21号店,创意菜,'http://rizhao.meituan.com/shop/4366431',手,5994,1019,5,205,21900,潍坊,潍坊市坊子区60号街,18888888888
2017/8/1,临沂第69号店,创意菜,'http://rizhao.meituan.com/shop/150436474',,1096,382,5,10,770,临沂,临沂市兰山区52号街,18888888888
2017/8/1,济南第94号店,创意菜,'http://rizhao.meituan.com/shop/104472898',大,1508,1168,4.5,227,23492,济南,济南市齐州区47号街,18888888888
2017/7/1,烟台第9号店,创意菜,'http://rizhao.meituan.com/shop/87916325',,,214,5,5,578.72,烟台,烟台市芝罘区47号街,18888888888
2017/7/1,青岛第10号店,创意菜,'http://rizhao.meituan.com/shop/101761495',,360,2569,5,56,4228,青岛,青岛市黄岛区38号街,18888888888
2017/7/1,烟台第25号店,创意菜,'http://rizhao.meituan.com/shop/4366431',手,1140,814,5,43,4476,烟台,烟台市蓬莱区83号街,18888888888
2017/7/1,临沂第37号店,创意菜,'http://rizhao.meituan.com/shop/150436474',,182,373,5,12,856,临沂,临沂市河东区85号街,18888888888
2017/3/1,青岛第80号店,素食,'http://www.meituan.com/shop/98413429',菜,349,4721,5,53,935.25,青岛,青岛市黄岛区73号街,18888888888
2017/7/1,烟台第18号店,创意菜,'http://rizhao.meituan.com/shop/104472898',大,264,941,4.5,49,4834,烟台,烟台市福山区91号街,18888888888
2017/3/1,济南第21号店,素食,'http://www.meituan.com/shop/100260779',冰,668,9426,4.6,238,4478.33,济南,济南市槐荫区31号街,18888888888
2017/3/1,临沂第34号店,素食,'http://www.meituan.com/shop/98801887',,,,4.6,2,178.6,临沂,临沂市河东区28号街,18888888888
2017/3/1,济南第78号店,素食,'http://www.meituan.com/shop/40749152',鱼,6052,40327,5,1019,14772.1,济南,济南市齐州区86号街,18888888888
2017/3/1,潍坊第28号店,其他美食,'http://www.meituan.com/shop/63501387',,,,"分
                                ",0,0,潍坊,潍坊市寒亭区70号街,18888888888
2017/3/1,青岛第7号店,其他美食,'http://www.meituan.com/shop/119624717',,,,"分
                                ",0,0,青岛,青岛市黄岛区6号街,18888888888
2017/3/1,潍坊第68号店,川湘菜,'http://www.meituan.com/shop/102833082',,440,1407,4.9,36,3869.44,潍坊,潍坊市坊子区20号街,18888888888
2017/3/1,青岛第10号店,川湘菜,'http://www.meituan.com/shop/82169037',,360,275,5,13,753.78,青岛,青岛市市南区99号街,18888888888
2017/3/1,青岛第66号店,川湘菜,'http://www.meituan.com/shop/96213677',,,,4.5,2,193,青岛,青岛市市北区89号街,18888888888
2017/3/1,烟台第61号店,川湘菜,'http://www.meituan.com/shop/91543047',,155,109,4.4,3,236.95,烟台,烟台市芝罘区70号街,18888888888
2017/3/1,临沂第65号店,川湘菜,'http://www.meituan.com/shop/2733005',清,1070,245,4.7,22,3550.66,临沂,临沂市兰山区6号街,18888888888
2017/3/1,济南第89号店,川湘菜,'http://www.meituan.com/shop/2566945',1,1848,689,4.5,11,2612.72,济南,济南市历下区61号街,18888888888
2017/3/1,临沂第6号店,川湘菜,'http://www.meituan.com/shop/115156652',,1744,238,4.7,6,861.9,临沂,临沂市兰山区23号街,18888888888
2017/3/1,青岛第75号店,川湘菜,'http://www.meituan.com/shop/4405419',,31122,8236,4.7,210,25695.8,青岛,青岛市市北区62号街,18888888888
2017/3/1,潍坊第39号店,川湘菜,'http://www.meituan.com/shop/87634803',,,,"分
                                ",0,0,潍坊,潍坊市奎文区77号街,18888888888
2017/3/1,烟台第11号店,其他美食,'http://www.meituan.com/shop/1508390',,2106,2224,5,56,1166.6,烟台,烟台市牟平区73号街,18888888888
2017/3/1,潍坊第86号店,川湘菜,'http://www.meituan.com/shop/103878611',,510,243,5,6,597.78,潍坊,潍坊市寒亭区95号街,18888888888
2017/3/1,济南第18号店,其他美食,'http://www.meituan.com/shop/154862899',,,,"分
                                ",0,0,济南,济南市历城区0号街,18888888888
2017/3/1,潍坊第46号店,其他美食,'http://www.meituan.com/shop/52607071',,187,2215,5,103,1415.31,潍坊,潍坊市奎文区40号街,18888888888
2017/3/1,青岛第33号店,其他美食,'http://www.meituan.com/shop/96185555',,,,"分
                                ",0,0,青岛,青岛市市北区86号街,18888888888
2017/3/1,烟台第43号店,其他美食,'http://www.meituan.com/shop/98266355',,,151,4.7,1,4.45,烟台,烟台市莱山区46号街,18888888888
2017/3/1,济南第33号店,京菜鲁菜,'http://www.meituan.com/shop/97540970',,985,968,5,34,788.11,济南,济南市天桥区20号街,18888888888
2017/4/1,临沂第23号店,自助餐,'http://www.meituan.com/shop/5872682',大,2880,,4.8,2,1086.14,临沂,临沂市兰山区25号街,18888888888
2017/4/1,青岛第59号店,自助餐,'http://www.meituan.com/shop/98003016',海,1728,,5,0,0,青岛,青岛市四方区69号街,18888888888
2017/4/1,潍坊第25号店,自助餐,'http://www.meituan.com/shop/101807046',海,1806,23202,5,387,31137,潍坊,潍坊市坊子区36号街,18888888888
2017/4/1,潍坊第87号店,自助餐,'http://www.meituan.com/shop/1269790',好,2732,,4.5,4,741.17,潍坊,潍坊市坊子区3号街,18888888888
2017/4/1,烟台第38号店,自助餐,'http://www.meituan.com/shop/5485171',三,26502,14495,5,711,46295.5,烟台,烟台市芝罘区62号街,18888888888
2017/3/1,临沂第50号店,火锅,'http://www.meituan.com/shop/40875283',精,8515,2233,5,57,7413.02,临沂,临沂市河东区3号街,18888888888
2017/4/1,烟台第91号店,自助餐,'http://www.meituan.com/shop/101999808',牛,,460,4.5,0,0,烟台,烟台市蓬莱区78号街,18888888888
2017/3/1,青岛第34号店,火锅,'http://www.meituan.com/shop/6886824',地,440,401,5,10,1004.61,青岛,青岛市崂山区8号街,18888888888
2017/3/1,烟台第20号店,火锅,'http://www.meituan.com/shop/5333830',菜,1701,1510,5,11,397.98,烟台,烟台市福山区79号街,18888888888
2017/3/1,青岛第10号店,火锅,'http://www.meituan.com/shop/1269378',菜,1475,846,3.6,146,5815.62,青岛,青岛市市北区76号街,18888888888
2017/3/1,烟台第53号店,火锅,'http://www.meituan.com/shop/106233462',,,309,5,8,665.62,烟台,烟台市福山区48号街,18888888888
2017/3/1,烟台第16号店,火锅,'http://www.meituan.com/shop/4467873',,700,695,4.4,17,3601.73,烟台,烟台市芝罘区17号街,18888888888
2017/3/1,临沂第25号店,火锅,'http://www.meituan.com/shop/52867880',鸳,1190,1205,5,16,1941.05,临沂,临沂市罗庄区52号街,18888888888
2017/3/1,烟台第12号店,火锅,'http://www.meituan.com/shop/110248010',,,115,4.2,3,287.97,烟台,烟台市牟平区72号街,18888888888
2017/3/1,烟台第92号店,火锅,'http://www.meituan.com/shop/76905072',,228,3513,4.7,138,7554.99,烟台,烟台市牟平区75号街,18888888888
2017/3/1,临沂第76号店,京菜鲁菜,'http://www.meituan.com/shop/96487700',,,,"分
                                ",0,0,临沂,临沂市兰山区70号街,18888888888
2017/3/1,青岛第66号店,京菜鲁菜,'http://www.meituan.com/shop/50736007',,680,332,4.6,29,4595.19,青岛,青岛市市北区11号街,18888888888
2017/3/1,青岛第44号店,京菜鲁菜,'http://www.meituan.com/shop/65755750',,,,4.6,5,697.7,青岛,青岛市市南区21号街,18888888888
2017/3/1,临沂第11号店,京菜鲁菜,'http://www.meituan.com/shop/40084365',,,142,4.5,1,78.18,临沂,临沂市罗庄区55号街,18888888888
2017/3/1,济南第9号店,京菜鲁菜,'http://www.meituan.com/shop/51905798',,,,4.5,0,97,济南,济南市历城区91号街,18888888888
2017/3/1,济南第50号店,京菜鲁菜,'http://www.meituan.com/shop/97654901',,173,,4.8,0,160.66,济南,济南市槐荫区35号街,18888888888
2017/3/1,潍坊第39号店,京菜鲁菜,'http://www.meituan.com/shop/52852015',,,,"分
                                ",0,0,潍坊,潍坊市寒亭区95号街,18888888888
2017/3/1,济南第36号店,京菜鲁菜,'http://www.meituan.com/shop/6779094',,,,3.5,0,0,济南,济南市历下区93号街,18888888888
2017/3/1,潍坊第93号店,京菜鲁菜,'http://www.meituan.com/shop/41220532',,276,,3.7,0,0,潍坊,潍坊市坊子区81号街,18888888888
2017/3/1,青岛第36号店,火锅,'http://www.meituan.com/shop/98025723',,,159,5,4,565.34,青岛,青岛市市北区25号街,18888888888
2017/3/1,青岛第1号店,京菜鲁菜,'http://www.meituan.com/shop/90956167',,,102,4,0,0,青岛,青岛市市南区62号街,18888888888
2017/3/1,烟台第90号店,其他美食,'http://www.meituan.com/shop/96401337',,378,511,5,13,1702.32,烟台,烟台市芝罘区14号街,18888888888
2017/3/1,济南第18号店,其他美食,'http://www.meituan.com/shop/67340712',,840,435,5,21,3103.05,济南,济南市历下区77号街,18888888888
2017/3/1,济南第50号店,其他美食,'http://www.meituan.com/shop/41143276',,,,3.8,0,44.71,济南,济南市齐州区78号街,18888888888
2017/3/1,济南第8号店,其他美食,'http://www.meituan.com/shop/95672039',,,,"分
                                ",0,1.24,济南,济南市齐州区82号街,18888888888
2017/3/1,潍坊第72号店,其他美食,'http://www.meituan.com/shop/2816337',,372,183,4,2,227.86,潍坊,潍坊市坊子区5号街,18888888888
2017/3/1,临沂第40号店,其他美食,'http://www.meituan.com/shop/1269686',,,,4.3,0,0,临沂,临沂市罗庄区10号街,18888888888
2017/3/1,烟台第63号店,其他美食,'http://www.meituan.com/shop/99141505',,,,"分
                                ",0,0,烟台,烟台市蓬莱区54号街,18888888888
2017/3/1,烟台第90号店,其他美食,'http://www.meituan.com/shop/40190974',,294,247,4.8,5,1400.46,烟台,烟台市牟平区29号街,18888888888
2017/3/1,烟台第55号店,其他美食,'http://www.meituan.com/shop/1269573',,,,4.1,2,181.01,烟台,烟台市芝罘区59号街,18888888888
2017/3/1,青岛第60号店,其他美食,'http://www.meituan.com/shop/96478772',,,,"分
                                ",0,0,青岛,青岛市市北区10号街,18888888888
2017/4/1,临沂第24号店,自助餐,'http://www.meituan.com/shop/79395507',黑,3270,866,4.6,14,514.4,临沂,临沂市罗庄区21号街,18888888888
2017/4/1,潍坊第5号店,自助餐,'http://www.meituan.com/shop/5599528',韩,4240,9410,4.1,161,7731.31,潍坊,潍坊市潍城区66号街,18888888888
2017/4/1,烟台第63号店,自助餐,'http://www.meituan.com/shop/6503410',虾,33246,45346,5,553,36337.1,烟台,烟台市莱山区26号街,18888888888
2017/3/1,济南第21号店,京菜鲁菜,'http://www.meituan.com/shop/6177158',,,,"分
                                ",0,0,济南,济南市历下区33号街,18888888888
2017/4/1,青岛第26号店,自助餐,'http://www.meituan.com/shop/153636045',,,344,3.7,44,2050.07,青岛,青岛市市北区1号街,18888888888
2017/3/1,济南第65号店,京菜鲁菜,'http://www.meituan.com/shop/94737636',,,,3.8,0,8.04,济南,济南市历城区79号街,18888888888
2017/3/1,潍坊第78号店,京菜鲁菜,'http://www.meituan.com/shop/112512860',,,,5,1,63.05,潍坊,潍坊市潍城区73号街,18888888888
2017/8/1,烟台第89号店,咖啡酒吧茶馆,'http://rizhao.meituan.com/shop/99587776',,2607,608,5,37,1185,烟台,烟台市蓬莱区19号街,18888888888
2017/8/1,临沂第26号店,咖啡酒吧茶馆,'http://rizhao.meituan.com/shop/42570355',,1470,961,4.2,29,1422,临沂,临沂市罗庄区13号街,18888888888
2017/8/1,济南第12号店,咖啡酒吧茶馆,'http://rizhao.meituan.com/shop/112920039',,400,562,5,223,1767.4,济南,济南市历下区63号街,18888888888
2017/8/1,烟台第22号店,咖啡酒吧茶馆,'http://rizhao.meituan.com/shop/104364481',,360,116,5,18,475.9,烟台,烟台市芝罘区80号街,18888888888
2017/8/1,烟台第24号店,咖啡酒吧茶馆,'http://rizhao.meituan.com/shop/50328573',,1252,981,5,42,3141.1,烟台,烟台市蓬莱区42号街,18888888888
2017/8/1,济南第90号店,咖啡酒吧茶馆,'http://rizhao.meituan.com/shop/2174796',,208,762,4.7,23,1058,济南,济南市历下区50号街,18888888888
2017/8/1,青岛第48号店,咖啡酒吧茶馆,'http://rizhao.meituan.com/shop/42592064',,408,571,4.7,7,48.65,青岛,青岛市市北区0号街,18888888888
2017/8/1,临沂第90号店,咖啡酒吧茶馆,'http://rizhao.meituan.com/shop/2174729',,1112,1214,4.5,46,4739,临沂,临沂市河东区37号街,18888888888
2017/8/1,烟台第79号店,咖啡酒吧茶馆,'http://rizhao.meituan.com/shop/1269265',,1890,1006,5,37,4246,烟台,烟台市牟平区85号街,18888888888
2017/8/1,临沂第86号店,咖啡酒吧茶馆,'http://rizhao.meituan.com/shop/4474137',,3411,1286,5,94,2664.2,临沂,临沂市河东区57号街,18888888888
2017/3/1,烟台第92号店,京菜鲁菜,'http://www.meituan.com/shop/95424429',,,,3.5,1,168.74,烟台,烟台市福山区21号街,18888888888
2017/3/1,青岛第73号店,京菜鲁菜,'http://www.meituan.com/shop/90272989',,,,"分
                                ",0,0,青岛,青岛市黄岛区64号街,18888888888
2017/3/1,青岛第93号店,京菜鲁菜,'http://www.meituan.com/shop/98980019',,,,4.1,0,0,青岛,青岛市市北区64号街,18888888888
2017/3/1,济南第67号店,京菜鲁菜,'http://www.meituan.com/shop/42959692',,147,159,3.8,4,1050.34,济南,济南市齐州区50号街,18888888888
2017/3/1,潍坊第62号店,京菜鲁菜,'http://www.meituan.com/shop/85519448',,,,4.3,1,42.06,潍坊,潍坊市奎文区27号街,18888888888
2017/3/1,潍坊第92号店,京菜鲁菜,'http://www.meituan.com/shop/4328710',烤,902,824,5,21,1201.4,潍坊,潍坊市奎文区33号街,18888888888
2017/3/1,临沂第49号店,蒙餐,'http://www.meituan.com/shop/6623607',鸡,1610,3671,4.2,93,1268.67,临沂,临沂市罗庄区29号街,18888888888
2017/3/1,潍坊第32号店,川湘菜,'http://www.meituan.com/shop/41377361',冻,5172,3367,5,98,10259.9,潍坊,潍坊市寒亭区97号街,18888888888
2017/3/1,潍坊第1号店,川湘菜,'http://www.meituan.com/shop/129727663',,,,3.8,2,141.46,潍坊,潍坊市潍城区20号街,18888888888
2017/3/1,济南第99号店,川湘菜,'http://www.meituan.com/shop/71253644',,,,3,0,12.13,济南,济南市槐荫区13号街,18888888888
2017/3/1,潍坊第49号店,川湘菜,'http://www.meituan.com/shop/104855547',,555,517,5,14,1979.7,潍坊,潍坊市潍城区21号街,18888888888
2017/3/1,青岛第80号店,川湘菜,'http://www.meituan.com/shop/1269523',酸,300,,4.2,0,38.4,青岛,青岛市市南区95号街,18888888888
2017/3/1,临沂第3号店,川湘菜,'http://www.meituan.com/shop/1269904',,2510,1086,5,28,3390,临沂,临沂市兰山区14号街,18888888888
2017/3/1,临沂第60号店,川湘菜,'http://www.meituan.com/shop/60782858',,,,4.4,3,328.27,临沂,临沂市河东区64号街,18888888888
2017/3/1,烟台第79号店,川湘菜,'http://www.meituan.com/shop/5000435',,2898,603,5,17,1822.82,烟台,烟台市莱山区98号街,18888888888
2017/3/1,济南第37号店,川湘菜,'http://www.meituan.com/shop/58589',,,,4.4,2,60.42,济南,济南市历城区33号街,18888888888
2017/3/1,潍坊第55号店,川湘菜,'http://www.meituan.com/shop/6379517',鱿,3792,1298,5,33,1999.84,潍坊,潍坊市坊子区47号街,18888888888
2017/3/1,潍坊第9号店,蒙餐,'http://www.meituan.com/shop/109599763',,528,533,5,83,13011.3,潍坊,潍坊市潍城区55号街,18888888888
2017/3/1,临沂第54号店,蒙餐,'http://www.meituan.com/shop/150403084',,,,"分
                                ",1,124.79,临沂,临沂市河东区95号街,18888888888
2017/3/1,青岛第94号店,蒙餐,'http://www.meituan.com/shop/116734874',,120,,5,2,381.94,青岛,青岛市四方区55号街,18888888888
2017/3/1,青岛第36号店,蒙餐,'http://www.meituan.com/shop/96692050',,,,"分
                                ",0,52.54,青岛,青岛市黄岛区59号街,18888888888
2017/3/1,临沂第29号店,蒙餐,'http://www.meituan.com/shop/115681362',,308,379,5,10,1125.12,临沂,临沂市河东区14号街,18888888888
2017/3/1,烟台第53号店,蒙餐,'http://www.meituan.com/shop/81516664',羊,462,6616,4.7,167,16225.5,烟台,烟台市福山区75号街,18888888888
2017/3/1,临沂第25号店,江浙菜,'http://www.meituan.com/shop/3256983',,,,3.5,0,0,临沂,临沂市罗庄区46号街,18888888888
2017/3/1,潍坊第23号店,江浙菜,'http://www.meituan.com/shop/42786181',,,,4.6,9,1100.87,潍坊,潍坊市潍城区51号街,18888888888
2017/3/1,潍坊第55号店,江浙菜,'http://www.meituan.com/shop/92463152',,,,"分
                                ",0,0,潍坊,潍坊市潍城区18号街,18888888888
2017/3/1,济南第82号店,江浙菜,'http://www.meituan.com/shop/3264084',,312,169,4.1,4,1464.11,济南,济南市齐州区39号街,18888888888
2017/3/1,青岛第61号店,江浙菜,'http://www.meituan.com/shop/40830238',,,,"分
                                ",0,0,青岛,青岛市黄岛区66号街,18888888888
2017/8/1,潍坊第11号店,创意菜,'http://rizhao.meituan.com/shop/87916325',,393,239,5,25,3355.32,潍坊,潍坊市潍城区83号街,18888888888
2017/3/1,潍坊第92号店,江浙菜,'http://www.meituan.com/shop/1200065',,4137,577,5,15,1807.15,潍坊,潍坊市坊子区95号街,18888888888
2017/3/1,潍坊第76号店,江浙菜,'http://www.meituan.com/shop/42891066',,140,143,5,4,310.03,潍坊,潍坊市奎文区31号街,18888888888
2017/3/1,济南第8号店,江浙菜,'http://www.meituan.com/shop/5633038',,223,303,4.9,2,67.19,济南,济南市历下区43号街,18888888888
2017/3/1,潍坊第19号店,江浙菜,'http://www.meituan.com/shop/92883844',,,,"分
                                ",0,0,潍坊,潍坊市坊子区52号街,18888888888
2017/3/1,青岛第4号店,江浙菜,'http://www.meituan.com/shop/52120078',,705,727,4.9,45,5361.22,青岛,青岛市市北区87号街,18888888888
2017/4/1,济南第24号店,霸王餐,'http://www.meituan.com/shop/42503561',,201,1155,5,28,279.36,济南,济南市历下区44号街,18888888888
2017/5/1,烟台第72号店,霸王餐,'http://www.meituan.com/shop/42503561',,201,1158,5,116,1148.4,烟台,烟台市莱山区22号街,18888888888
2017/3/1,青岛第22号店,霸王餐,'http://www.meituan.com/shop/42503561',,201,1155,5,29,290.1,青岛,青岛市崂山区34号街,18888888888
2017/8/1,潍坊第69号店,采摘/农家乐,'http://qd.meituan.com/shop/102358905',,,103,"分
                                ",23,389,潍坊,潍坊市奎文区32号街,18888888888
2017/7/1,济南第98号店,采摘/农家乐,'http://jining.meituan.com/shop/42665425',,,,3.5,1,158,济南,济南市历城区79号街,18888888888
2017/8/1,济南第9号店,采摘/农家乐,'http://dz.meituan.com/shop/40897037',,,,3.5,0,0,济南,济南市天桥区0号街,18888888888
2017/3/1,青岛第89号店,火锅,'http://www.meituan.com/shop/40942801',,387,831,5,29,4119.52,青岛,青岛市市南区73号街,18888888888
2017/3/1,济南第21号店,火锅,'http://www.meituan.com/shop/4549768',麻,2565,7486,4.9,190,4436.04,济南,济南市齐州区49号街,18888888888
2017/3/1,济南第92号店,火锅,'http://www.meituan.com/shop/105355159',,612,1289,5,34,5355.79,济南,济南市齐州区56号街,18888888888
2017/3/1,临沂第28号店,火锅,'http://www.meituan.com/shop/110256383',,,,"分
                                ",0,0,临沂,临沂市兰山区65号街,18888888888
2017/3/1,济南第79号店,火锅,'http://www.meituan.com/shop/41111364',自,580,1500,4.8,38,3493.06,济南,济南市历下区63号街,18888888888
2017/3/1,烟台第31号店,火锅,'http://www.meituan.com/shop/5018632',冻,761,1777,5,54,4788.69,烟台,烟台市芝罘区64号街,18888888888
2017/3/1,烟台第57号店,火锅,'http://www.meituan.com/shop/99784024',,329,404,5,10,1115.52,烟台,烟台市福山区43号街,18888888888
2017/3/1,济南第41号店,火锅,'http://www.meituan.com/shop/4880285',火,4344,3371,4.4,83,4613,济南,济南市齐州区18号街,18888888888
2017/3/1,临沂第68号店,火锅,'http://www.meituan.com/shop/65297634',,,,3.9,2,101.04,临沂,临沂市河东区0号街,18888888888
2017/4/1,烟台第58号店,京菜鲁菜,'http://www.meituan.com/shop/42693811',,4126,8219,5,58,1125.27,烟台,烟台市芝罘区44号街,18888888888
2017/3/1,临沂第78号店,京菜鲁菜,'http://www.meituan.com/shop/98524034',,561,431,5,16,2335.21,临沂,临沂市罗庄区33号街,18888888888
2017/3/1,临沂第5号店,京菜鲁菜,'http://www.meituan.com/shop/77584100',,,,3.5,0,0,临沂,临沂市兰山区87号街,18888888888
2017/3/1,济南第16号店,京菜鲁菜,'http://www.meituan.com/shop/88029577',,,,"分
                                ",0,0,济南,济南市天桥区43号街,18888888888
2017/5/1,青岛第27号店,自助餐,'http://www.meituan.com/shop/5599528',韩,3444,10472,4.3,1048,49921.4,青岛,青岛市市南区8号街,18888888888
2017/5/1,潍坊第52号店,自助餐,'http://www.meituan.com/shop/6503410',虾,33246,45346,5,435,28501.4,潍坊,潍坊市潍城区78号街,18888888888
2017/5/1,临沂第27号店,自助餐,'http://www.meituan.com/shop/153636045',,,344,3.7,35,1643.46,临沂,临沂市河东区72号街,18888888888
2017/5/1,烟台第96号店,自助餐,'http://www.meituan.com/shop/51725566',海,,,4.1,0,0,烟台,烟台市牟平区43号街,18888888888
2017/5/1,青岛第26号店,自助餐,'http://www.meituan.com/shop/104351544',水,2064,31674,4.7,2842,140918,青岛,青岛市四方区9号街,18888888888
2017/3/1,临沂第99号店,其他美食,'http://www.meituan.com/shop/91978227',,,,"分
                                ",0,0,临沂,临沂市兰山区60号街,18888888888
2017/3/1,临沂第10号店,其他美食,'http://www.meituan.com/shop/40455837',,,,4,0,0,临沂,临沂市兰山区78号街,18888888888
2017/3/1,烟台第28号店,其他美食,'http://www.meituan.com/shop/51951367',,,,4,0,25.01,烟台,烟台市莱山区74号街,18888888888
2017/3/1,青岛第81号店,其他美食,'http://www.meituan.com/shop/1269407',鸡,996,5313,5,134,4397.65,青岛,青岛市黄岛区82号街,18888888888
2017/3/1,济南第55号店,其他美食,'http://www.meituan.com/shop/2816208',,,,"分
                                ",0,0,济南,济南市天桥区82号街,18888888888
2017/3/1,烟台第25号店,其他美食,'http://www.meituan.com/shop/99542677',,,,"分
                                ",0,0,烟台,烟台市莱山区2号街,18888888888
2017/3/1,济南第77号店,其他美食,'http://www.meituan.com/shop/93703477',,,,"分
                                ",0,0,济南,济南市历城区83号街,18888888888
2017/3/1,临沂第22号店,其他美食,'http://www.meituan.com/shop/42579941',,1449,1424,5,62,9559.18,临沂,临沂市兰山区18号街,18888888888
2017/3/1,青岛第37号店,川湘菜,'http://www.meituan.com/shop/41496133',,1065,967,4.5,25,262.31,青岛,青岛市崂山区24号街,18888888888
2017/3/1,青岛第24号店,川湘菜,'http://www.meituan.com/shop/5470668',,135,319,5,10,880.57,青岛,青岛市市南区80号街,18888888888
2017/3/1,潍坊第20号店,川湘菜,'http://www.meituan.com/shop/41969504',环,6371,2063,4.7,22,4073.55,潍坊,潍坊市潍城区44号街,18888888888
2017/3/1,潍坊第96号店,川湘菜,'http://www.meituan.com/shop/5779744',,624,477,4,12,315.86,潍坊,潍坊市奎文区32号街,18888888888
2017/3/1,济南第14号店,川湘菜,'http://www.meituan.com/shop/4624914',,310,,3.8,1,4.55,济南,济南市槐荫区77号街,18888888888
2017/3/1,潍坊第0号店,川湘菜,'http://www.meituan.com/shop/2174701',,659,2587,5,33,992.75,潍坊,潍坊市坊子区12号街,18888888888
2017/3/1,济南第99号店,川湘菜,'http://www.meituan.com/shop/4453725',,5305,11902,5,301,9490.22,济南,济南市天桥区35号街,18888888888
2017/8/1,青岛第98号店,咖啡酒吧茶馆,'http://rizhao.meituan.com/shop/1393549',,,140,4.6,140,7550,青岛,青岛市市南区21号街,18888888888
2017/8/1,青岛第94号店,咖啡酒吧茶馆,'http://rizhao.meituan.com/shop/4078182',,4302,2152,5,2152,217632,青岛,青岛市四方区71号街,18888888888
2017/8/1,青岛第15号店,咖啡酒吧茶馆,'http://rizhao.meituan.com/shop/80251859',,224,112,4.8,0,0,青岛,青岛市黄岛区96号街,18888888888
2017/8/1,潍坊第58号店,咖啡酒吧茶馆,'http://rizhao.meituan.com/shop/71808325',,5873,2869,5,96,12197,潍坊,潍坊市寒亭区5号街,18888888888
2017/8/1,烟台第57号店,咖啡酒吧茶馆,'http://rizhao.meituan.com/shop/98417579',,159,216,5,216,33768,烟台,烟台市蓬莱区74号街,18888888888
2017/3/1,青岛第33号店,火锅,'http://www.meituan.com/shop/75744094',,225,566,4.2,1,7.2,青岛,青岛市黄岛区52号街,18888888888
2017/3/1,济南第7号店,火锅,'http://www.meituan.com/shop/2563224',招,6454,3950,4.4,98,9477.12,济南,济南市槐荫区71号街,18888888888
2017/3/1,临沂第35号店,火锅,'http://www.meituan.com/shop/5937862',,1051,1076,4.4,46,4638.89,临沂,临沂市河东区17号街,18888888888
2017/3/1,临沂第49号店,火锅,'http://www.meituan.com/shop/88680393',重,476,229,5,5,1246.37,临沂,临沂市罗庄区86号街,18888888888
2017/3/1,潍坊第17号店,火锅,'http://www.meituan.com/shop/6770889',鱼,1300,343,4.2,0,0,潍坊,潍坊市潍城区67号街,18888888888
2017/8/1,临沂第18号店,江浙菜,'http://rizhao.meituan.com/shop/51279765',,,,"分
                                ",0,0,临沂,临沂市河东区50号街,18888888888
2017/8/1,烟台第24号店,江浙菜,'http://rizhao.meituan.com/shop/5809564',,19551,4727,4.4,238,31095,烟台,烟台市牟平区4号街,18888888888
2017/7/1,烟台第64号店,江浙菜,'http://rizhao.meituan.com/shop/51279765',,,,"分
                                ",1,118,烟台,烟台市蓬莱区90号街,18888888888
2017/7/1,烟台第29号店,江浙菜,'http://rizhao.meituan.com/shop/5809564',,3738,4489,4.9,44,7121,烟台,烟台市蓬莱区22号街,18888888888
2017/6/1,潍坊第44号店,江浙菜,'http://rizhao.meituan.com/shop/51279765',,,,"分
                                ",0,0,潍坊,潍坊市寒亭区2号街,18888888888
2017/6/1,临沂第95号店,江浙菜,'http://rizhao.meituan.com/shop/5809564',,17062,4298,4.5,70,9956.54,临沂,临沂市河东区55号街,18888888888
2017/6/1,潍坊第4号店,江浙菜,'http://rizhao.meituan.com/shop/6329290',,3852,1898,4.5,31,1401.53,潍坊,潍坊市寒亭区63号街,18888888888
2017/5/1,潍坊第86号店,江浙菜,'http://www.meituan.com/shop/62438237',,538,141,5,4,318.86,潍坊,潍坊市潍城区25号街,18888888888
2017/4/1,临沂第70号店,京菜鲁菜,'http://www.meituan.com/shop/6529555',,,,4.6,1,25.59,临沂,临沂市罗庄区99号街,18888888888
2017/4/1,临沂第16号店,京菜鲁菜,'http://www.meituan.com/shop/95785070',,,,3.8,0,0,临沂,临沂市河东区6号街,18888888888
2017/4/1,青岛第16号店,京菜鲁菜,'http://www.meituan.com/shop/5145366',,102,,4.4,0,0,青岛,青岛市四方区2号街,18888888888
2017/4/1,潍坊第80号店,京菜鲁菜,'http://www.meituan.com/shop/40067891',,,,3.5,0,0,潍坊,潍坊市奎文区93号街,18888888888
2017/4/1,青岛第44号店,京菜鲁菜,'http://www.meituan.com/shop/41267977',,2735,1120,5,4,806.94,青岛,青岛市市北区65号街,18888888888
2017/4/1,烟台第53号店,京菜鲁菜,'http://www.meituan.com/shop/96053660',,,,"分
                                ",0,0,烟台,烟台市福山区46号街,18888888888
2017/4/1,济南第7号店,京菜鲁菜,'http://www.meituan.com/shop/97629226',,,,4.2,0,0,济南,济南市历城区42号街,18888888888
2017/4/1,济南第93号店,京菜鲁菜,'http://www.meituan.com/shop/51505641',,,,4,0,11.88,济南,济南市齐州区61号街,18888888888
2017/4/1,临沂第59号店,京菜鲁菜,'http://www.meituan.com/shop/40811759',,3592,3089,5,11,330.47,临沂,临沂市兰山区54号街,18888888888
2017/4/1,潍坊第72号店,京菜鲁菜,'http://www.meituan.com/shop/5817810',,532,2327,4.9,9,245.83,潍坊,潍坊市坊子区7号街,18888888888
2017/5/1,烟台第86号店,江浙菜,'http://www.meituan.com/shop/51279765',,,,"分
                                ",0,0,烟台,烟台市牟平区61号街,18888888888
2017/3/1,烟台第20号店,火锅,'http://www.meituan.com/shop/40498441',,,,3.5,0,0,烟台,烟台市牟平区91号街,18888888888
2017/3/1,潍坊第78号店,火锅,'http://www.meituan.com/shop/94953038',,285,517,5,45,4975.36,潍坊,潍坊市奎文区81号街,18888888888
2017/6/1,临沂第80号店,自助餐,'http://rizhao.meituan.com/shop/2536979',牛,6428,14665,5,243,16911.2,临沂,临沂市兰山区94号街,18888888888
2017/5/1,临沂第33号店,自助餐,'http://www.meituan.com/shop/2174820',刺,1113,510,4.4,104,10202.2,临沂,临沂市河东区3号街,18888888888
2017/5/1,济南第27号店,自助餐,'http://www.meituan.com/shop/98003016',海,1728,,5,0,0,济南,济南市齐州区11号街,18888888888
2017/5/1,济南第88号店,自助餐,'http://www.meituan.com/shop/101325656',水,194,2926,4.2,22,410.59,济南,济南市天桥区99号街,18888888888
2017/5/1,潍坊第55号店,自助餐,'http://www.meituan.com/shop/5872682',大,2880,,4.8,2,550.36,潍坊,潍坊市奎文区7号街,18888888888
2017/5/1,济南第34号店,自助餐,'http://www.meituan.com/shop/1269790',好,2732,,4.5,3,489.22,济南,济南市天桥区67号街,18888888888
2017/5/1,青岛第36号店,自助餐,'http://www.meituan.com/shop/101807046',海,1806,23202,5,304,24497.2,青岛,青岛市市南区65号街,18888888888
2017/5/1,济南第95号店,自助餐,'http://www.meituan.com/shop/101999808',牛,,460,4.5,0,0,济南,济南市槐荫区41号街,18888888888
2017/5/1,济南第0号店,自助餐,'http://www.meituan.com/shop/5485171',三,26502,14495,5,559,36432,济南,济南市齐州区63号街,18888888888
2017/5/1,烟台第87号店,自助餐,'http://www.meituan.com/shop/79395507',黑,3270,866,4.6,12,435.63,烟台,烟台市莱山区56号街,18888888888
2017/3/1,潍坊第82号店,火锅,'http://www.meituan.com/shop/93906231',,,,4.1,1,19.81,潍坊,潍坊市寒亭区2号街,18888888888
2017/3/1,潍坊第98号店,火锅,'http://www.meituan.com/shop/41110779',,124,136,4.2,7,888.17,潍坊,潍坊市奎文区14号街,18888888888
2017/3/1,烟台第93号店,川湘菜,'http://www.meituan.com/shop/5332346',,5726,9365,4.1,40,1007.07,烟台,烟台市莱山区86号街,18888888888
2017/3/1,济南第31号店,火锅,'http://www.meituan.com/shop/41343108',,,,3.9,0,0,济南,济南市天桥区13号街,18888888888
2017/3/1,临沂第28号店,川湘菜,'http://www.meituan.com/shop/41586982',,2898,2761,5,47,2119.71,临沂,临沂市兰山区87号街,18888888888
2017/3/1,烟台第75号店,川湘菜,'http://www.meituan.com/shop/93115249',,1014,4335,5,110,2744.32,烟台,烟台市芝罘区61号街,18888888888
2017/3/1,济南第5号店,其他美食,'http://www.meituan.com/shop/40360698',,445,204,4.5,2,229.36,济南,济南市历下区52号街,18888888888
2017/3/1,青岛第12号店,其他美食,'http://www.meituan.com/shop/83510485',,112,718,5,18,220.4,青岛,青岛市崂山区59号街,18888888888
2017/5/1,潍坊第88号店,自助餐,'http://www.meituan.com/shop/6341405',烤,9753,25501,5,43,1335.15,潍坊,潍坊市寒亭区16号街,18888888888
2017/5/1,烟台第97号店,自助餐,'http://www.meituan.com/shop/42916486',大,10044,32179,4.7,397,21157,烟台,烟台市福山区52号街,18888888888
2017/5/1,潍坊第71号店,自助餐,'http://www.meituan.com/shop/2536979',牛,5462,8185,5,538,37260.6,潍坊,潍坊市寒亭区95号街,18888888888
2017/4/1,济南第50号店,自助餐,'http://www.meituan.com/shop/2174820',刺,1113,510,4.4,132,12913.6,济南,济南市历下区22号街,18888888888
2017/4/1,青岛第88号店,自助餐,'http://www.meituan.com/shop/101325656',水,194,2926,4.2,28,525.19,青岛,青岛市市南区69号街,18888888888
2017/3/1,青岛第2号店,京菜鲁菜,'http://www.meituan.com/shop/41026744',,152,141,4.1,3,193.44,青岛,青岛市四方区33号街,18888888888
2017/3/1,青岛第92号店,京菜鲁菜,'http://www.meituan.com/shop/1269323',,2192,2342,4.9,58,9857.52,青岛,青岛市黄岛区38号街,18888888888
2017/3/1,临沂第58号店,京菜鲁菜,'http://www.meituan.com/shop/5843848',,1176,235,5,42,7026.54,临沂,临沂市河东区31号街,18888888888
2017/3/1,烟台第72号店,京菜鲁菜,'http://www.meituan.com/shop/99174493',,,,4,0,0,烟台,烟台市蓬莱区3号街,18888888888
2017/3/1,临沂第16号店,火锅,'http://www.meituan.com/shop/40265565',,,,4.7,5,44.96,临沂,临沂市河东区76号街,18888888888
2017/3/1,烟台第19号店,京菜鲁菜,'http://www.meituan.com/shop/68597252',,,,4.4,4,484.5,烟台,烟台市福山区43号街,18888888888
2017/3/1,青岛第70号店,京菜鲁菜,'http://www.meituan.com/shop/4163291',,1008,1058,5,23,4458.54,青岛,青岛市四方区22号街,18888888888
2017/3/1,临沂第21号店,其他美食,'http://www.meituan.com/shop/78199477',,716,1161,5,59,1048.85,临沂,临沂市罗庄区50号街,18888888888
2017/3/1,济南第91号店,其他美食,'http://www.meituan.com/shop/98337189',,,,"分
                                ",0,0,济南,济南市齐州区46号街,18888888888
2017/3/1,潍坊第55号店,其他美食,'http://www.meituan.com/shop/1269291',,180,109,4.2,3,285.45,潍坊,潍坊市寒亭区33号街,18888888888
2017/3/1,青岛第58号店,其他美食,'http://www.meituan.com/shop/51345470',,,,"分
                                ",0,16.42,青岛,青岛市市北区72号街,18888888888
2017/3/1,青岛第70号店,其他美食,'http://www.meituan.com/shop/78410850',,,,"分
                                ",0,0,青岛,青岛市市南区99号街,18888888888
2017/3/1,潍坊第64号店,其他美食,'http://www.meituan.com/shop/4542536',,5988,1694,4.5,44,4483.93,潍坊,潍坊市奎文区30号街,18888888888
2017/3/1,临沂第23号店,其他美食,'http://www.meituan.com/shop/118358095',,602,1861,5,46,381.49,临沂,临沂市兰山区54号街,18888888888
2017/3/1,青岛第20号店,其他美食,'http://www.meituan.com/shop/50522569',,476,622,5,16,178.92,青岛,青岛市黄岛区38号街,18888888888
2017/3/1,济南第89号店,其他美食,'http://www.meituan.com/shop/91898319',,,,4.1,0,0,济南,济南市齐州区39号街,18888888888
2017/3/1,青岛第46号店,其他美食,'http://www.meituan.com/shop/95774334',,,,"分
                                ",0,0,青岛,青岛市市南区27号街,18888888888
2017/7/1,潍坊第52号店,采摘/农家乐,'http://bz.meituan.com/shop/42763151',,,,"分
                                ",0,0,潍坊,潍坊市潍城区17号街,18888888888
2017/7/1,青岛第3号店,采摘/农家乐,'http://qd.meituan.com/shop/102358905',,,,"分
                                ",4,93,青岛,青岛市市北区27号街,18888888888
2017/7/1,临沂第82号店,采摘/农家乐,'http://qd.meituan.com/shop/6671527',,,,3.5,3,89.7,临沂,临沂市河东区98号街,18888888888
2017/7/1,烟台第49号店,采摘/农家乐,'http://weihai.meituan.com/shop/158836571',,,,"分
                                ",0,0,烟台,烟台市牟平区39号街,18888888888
2017/7/1,临沂第98号店,采摘/农家乐,'http://jn.meituan.com/shop/157741179',,,,"分
                                ",0,0,临沂,临沂市兰山区7号街,18888888888
2017/7/1,潍坊第56号店,采摘/农家乐,'http://lw.meituan.com/shop/41388801',,,,3.5,0,0,潍坊,潍坊市奎文区0号街,18888888888
2017/7/1,青岛第2号店,采摘/农家乐,'http://dz.meituan.com/shop/40897037',,,,3.5,2,16,青岛,青岛市市北区28号街,18888888888
2017/7/1,临沂第37号店,茶馆,'http://wf.meituan.com/shop/112430695',,,,"分
                                ",0,0,临沂,临沂市罗庄区0号街,18888888888
2017/7/1,青岛第86号店,茶馆,'http://wf.meituan.com/shop/4296460',,,,4.1,2,396,青岛,青岛市黄岛区85号街,18888888888
2017/7/1,临沂第75号店,茶馆,'http://zaozhuang.meituan.com/shop/40122110',,,,4.4,18,536.4,临沂,临沂市罗庄区87号街,18888888888
2017/7/1,潍坊第36号店,茶馆,'http://qd.meituan.com/shop/42742694',,,,4.2,8,816,潍坊,潍坊市坊子区10号街,18888888888
2017/7/1,临沂第10号店,茶馆,'http://wf.meituan.com/shop/110622883',,,,"分
                                ",0,0,临沂,临沂市河东区94号街,18888888888
2017/7/1,青岛第16号店,茶馆,'http://linyi.meituan.com/shop/4795471',,,654,5,127,3797.3,青岛,青岛市市南区20号街,18888888888
2017/7/1,青岛第46号店,茶馆,'http://wf.meituan.com/shop/113455231',,,,"分
                                ",0,0,青岛,青岛市市北区47号街,18888888888
2017/7/1,临沂第31号店,茶馆,'http://qd.meituan.com/shop/91378871',,,165,5,36,5827,临沂,临沂市河东区49号街,18888888888
2017/7/1,临沂第6号店,茶馆,'http://qd.meituan.com/shop/5054759',,,,4.3,6,480,临沂,临沂市兰山区97号街,18888888888
2017/3/1,青岛第33号店,川湘菜,'http://www.meituan.com/shop/5460757',,280,,4,0,0,青岛,青岛市四方区19号街,18888888888
2017/3/1,济南第83号店,川湘菜,'http://www.meituan.com/shop/99564200',,,,4.6,0,37.14,济南,济南市历下区56号街,18888888888
2017/3/1,青岛第25号店,川湘菜,'http://www.meituan.com/shop/101710055',,,1715,5,197,18718.3,青岛,青岛市黄岛区88号街,18888888888
2017/3/1,青岛第64号店,川湘菜,'exceptionhttp://www.meituan.com/shop/115778547',,,222,4.7,6,527.95,青岛,青岛市崂山区95号街,18888888888
2017/3/1,临沂第41号店,川湘菜,'exceptionexceptionexceptionhttp://www.meituan.com/shop/98958797',,2487,5055,5,127,13274,临沂,临沂市兰山区87号街,18888888888
2017/3/1,临沂第81号店,川湘菜,'http://www.meituan.com/shop/41321191',,,,"分
                                ",0,6.29,临沂,临沂市罗庄区96号街,18888888888
2017/3/1,临沂第8号店,川湘菜,'http://www.meituan.com/shop/110444967',,297,597,5,34,2151.72,临沂,临沂市兰山区69号街,18888888888
2017/3/1,青岛第94号店,川湘菜,'http://www.meituan.com/shop/98225891',,,,"分
                                ",1,69.22,青岛,青岛市市南区55号街,18888888888
2017/3/1,临沂第73号店,川湘菜,'http://www.meituan.com/shop/50888406',,288,377,4.7,3,226.34,临沂,临沂市兰山区69号街,18888888888
2017/3/1,临沂第22号店,川湘菜,'http://www.meituan.com/shop/2430851',极,3968,7342,5,109,8883.42,临沂,临沂市罗庄区94号街,18888888888
2017/3/1,烟台第15号店,东南亚菜,'http://www.meituan.com/shop/6162255',,1056,764,4.3,19,1916.53,烟台,烟台市莱山区32号街,18888888888
2017/3/1,济南第58号店,东南亚菜,'exceptionhttp://www.meituan.com/shop/6786047',玛,2352,,4.9,1,94.23,济南,济南市历下区2号街,18888888888
2017/3/1,济南第41号店,东南亚菜,'http://www.meituan.com/shop/6781815',咖,17085,6218,5,157,18444.4,济南,济南市齐州区41号街,18888888888
2017/3/1,潍坊第50号店,东南亚菜,'http://www.meituan.com/shop/90984727',咖,8435,6383,5,221,22412.1,潍坊,潍坊市潍城区76号街,18888888888
2017/3/1,青岛第21号店,东南亚菜,'http://www.meituan.com/shop/150065100',,,,3.5,0,0,青岛,青岛市四方区82号街,18888888888
2017/3/1,烟台第52号店,东南亚菜,'http://www.meituan.com/shop/42991150',拉,138,1061,4.1,27,2463.43,烟台,烟台市福山区5号街,18888888888
2017/3/1,青岛第43号店,东南亚菜,'http://www.meituan.com/shop/72079573',咖,,2042,4,52,4740.94,青岛,青岛市市南区12号街,18888888888
2017/3/1,烟台第58号店,东南亚菜,'http://www.meituan.com/shop/96477721',,,136,5,4,335.97,烟台,烟台市芝罘区26号街,18888888888
2017/3/1,青岛第80号店,东南亚菜,'http://www.meituan.com/shop/97645838',菠,321,401,4.4,10,1023.24,青岛,青岛市崂山区74号街,18888888888
2017/3/1,济南第1号店,东南亚菜,'http://www.meituan.com/shop/72042246',,,,4,1,200.07,济南,济南市槐荫区32号街,18888888888
2017/3/1,潍坊第1号店,海鲜,'http://www.meituan.com/shop/52181578',鳕,1202,1548,5,39,384.37,潍坊,潍坊市寒亭区46号街,18888888888
2017/3/1,临沂第36号店,海鲜,'http://www.meituan.com/shop/51959277',,171,,4.3,1,16.42,临沂,临沂市河东区76号街,18888888888
2017/4/1,临沂第26号店,川湘菜,'http://www.meituan.com/shop/6838144',风,35915,13660,4.6,345,23387.6,临沂,临沂市兰山区14号街,18888888888
2017/4/1,临沂第1号店,川湘菜,'http://www.meituan.com/shop/41150028',鸡,975,,4.9,2,115.4,临沂,临沂市河东区55号街,18888888888
2017/4/1,青岛第81号店,川湘菜,'http://www.meituan.com/shop/42392335',,4977,1175,5,22,2181.22,青岛,青岛市市南区79号街,18888888888
2017/4/1,临沂第92号店,川湘菜,'http://www.meituan.com/shop/42697295',,1000,1592,5,23,2000.06,临沂,临沂市河东区35号街,18888888888
2017/4/1,临沂第51号店,川湘菜,'http://www.meituan.com/shop/6432157',农,8190,,5,0,0,临沂,临沂市罗庄区30号街,18888888888
2017/4/1,临沂第21号店,川湘菜,'http://www.meituan.com/shop/6432157',农,8016,869,5,116,18969.4,临沂,临沂市罗庄区12号街,18888888888
2017/4/1,潍坊第75号店,川湘菜,'http://www.meituan.com/shop/93738990',,372,1491,5,61,5659.4,潍坊,潍坊市坊子区13号街,18888888888
2017/3/1,青岛第72号店,川湘菜,'http://www.meituan.com/shop/42404494',,1056,587,4.6,17,2287.87,青岛,青岛市黄岛区24号街,18888888888
2017/4/1,济南第96号店,火锅,'http://www.meituan.com/shop/95583999',串,560,368,4.2,10,66.41,济南,济南市天桥区98号街,18888888888
2017/4/1,青岛第9号店,火锅,'http://www.meituan.com/shop/2551007',羔,1080,286,4.9,2,178.79,青岛,青岛市崂山区58号街,18888888888
2017/4/1,潍坊第37号店,火锅,'http://www.meituan.com/shop/42517585',菌,5712,1083,5,20,1926.12,潍坊,潍坊市潍城区92号街,18888888888
2017/4/1,临沂第23号店,火锅,'http://www.meituan.com/shop/110383595',,276,2900,4.2,68,3936.48,临沂,临沂市兰山区58号街,18888888888
2017/4/1,临沂第40号店,火锅,'http://www.meituan.com/shop/90448473',水,940,5540,4.6,91,5642.77,临沂,临沂市兰山区75号街,18888888888
2017/3/1,青岛第86号店,火锅,'http://www.meituan.com/shop/6326706',猪,10925,8398,4.7,112,8541.58,青岛,青岛市四方区42号街,18888888888
2017/4/1,临沂第57号店,京菜鲁菜,'http://www.meituan.com/shop/92803219',,,,"分
                                ",0,0,临沂,临沂市河东区28号街,18888888888
2017/4/1,临沂第38号店,京菜鲁菜,'exceptionhttp://www.meituan.com/shop/41012267',火,,455,5,9,798.16,临沂,临沂市兰山区66号街,18888888888
2017/4/1,烟台第73号店,京菜鲁菜,'http://www.meituan.com/shop/95458430',,203,141,4,1,101.2,烟台,烟台市福山区5号街,18888888888
2017/4/1,潍坊第95号店,京菜鲁菜,'http://www.meituan.com/shop/96083439',,255,102,5,0,6.23,潍坊,潍坊市寒亭区29号街,18888888888
2017/4/1,临沂第30号店,京菜鲁菜,'http://www.meituan.com/shop/6269589',,,,4.8,0,105.36,临沂,临沂市河东区33号街,18888888888
2017/4/1,潍坊第13号店,京菜鲁菜,'http://www.meituan.com/shop/94344942',,,,"分
                                ",0,0,潍坊,潍坊市寒亭区77号街,18888888888
2017/4/1,烟台第31号店,京菜鲁菜,'http://www.meituan.com/shop/49699',,258,290,4.2,0,116.53,烟台,烟台市芝罘区62号街,18888888888
2017/4/1,烟台第79号店,京菜鲁菜,'http://www.meituan.com/shop/74855255',,,,4,0,0,烟台,烟台市牟平区51号街,18888888888
2017/3/1,济南第98号店,火锅,'http://www.meituan.com/shop/82768797',,160,,5,3,309.19,济南,济南市历城区13号街,18888888888
2017/4/1,烟台第82号店,京菜鲁菜,'http://www.meituan.com/shop/80358653',,,,"分
                                ",0,0,烟台,烟台市芝罘区20号街,18888888888
2017/4/1,潍坊第19号店,京菜鲁菜,'http://www.meituan.com/shop/97307339',,,,"分
                                ",0,0,潍坊,潍坊市奎文区45号街,18888888888
2017/3/1,潍坊第44号店,火锅,'http://www.meituan.com/shop/82768797',,162,174,5,15,1706.62,潍坊,潍坊市潍城区88号街,18888888888
2017/3/1,潍坊第84号店,火锅,'http://www.meituan.com/shop/98330749',牛,460,622,5,14,1532.07,潍坊,潍坊市奎文区71号街,18888888888
2017/3/1,烟台第59号店,火锅,'http://www.meituan.com/shop/41364417',手,1556,338,5,52,7623.2,烟台,烟台市芝罘区58号街,18888888888
2017/3/1,临沂第53号店,川湘菜,'http://www.meituan.com/shop/97451163',,,,4.2,2,52.59,临沂,临沂市河东区39号街,18888888888
2017/3/1,临沂第89号店,川湘菜,'http://www.meituan.com/shop/42220906',中,214,684,4.9,17,515.32,临沂,临沂市罗庄区62号街,18888888888
2017/3/1,青岛第62号店,海鲜,'http://www.meituan.com/shop/40706587',,,,4.1,2,27.48,青岛,青岛市黄岛区69号街,18888888888
2017/3/1,济南第67号店,海鲜,'http://www.meituan.com/shop/99137889',,360,2135,5,209,17799.5,济南,济南市历城区13号街,18888888888
2017/3/1,潍坊第93号店,海鲜,'http://www.meituan.com/shop/50493218',,,,"分
                                ",0,0,潍坊,潍坊市奎文区68号街,18888888888
2017/3/1,临沂第24号店,海鲜,'http://www.meituan.com/shop/4161373',,258,131,4.2,3,483.49,临沂,临沂市罗庄区16号街,18888888888
2017/3/1,临沂第83号店,海鲜,'http://www.meituan.com/shop/90913520',,,,4,0,0,临沂,临沂市河东区70号街,18888888888
2017/3/1,青岛第28号店,海鲜,'http://www.meituan.com/shop/89416315',,1218,1054,5,27,7726.76,青岛,青岛市四方区36号街,18888888888
2017/3/1,济南第60号店,其他美食,'http://www.meituan.com/shop/95094218',,,,"分
                                ",0,0,济南,济南市天桥区65号街,18888888888
2017/3/1,青岛第75号店,其他美食,'http://www.meituan.com/shop/40623189',,,,4,1,15.06,青岛,青岛市市南区3号街,18888888888
2017/3/1,临沂第69号店,其他美食,'http://www.meituan.com/shop/92702452',,346,1198,3.6,26,669.92,临沂,临沂市兰山区3号街,18888888888
2017/3/1,潍坊第34号店,其他美食,'http://www.meituan.com/shop/67115',排,1427,4116,5,97,1902.55,潍坊,潍坊市寒亭区13号街,18888888888
2017/3/1,青岛第63号店,其他美食,'http://www.meituan.com/shop/52984620',,,,"分
                                ",0,0,青岛,青岛市市北区43号街,18888888888
2017/3/1,烟台第46号店,其他美食,'http://www.meituan.com/shop/97323522',,342,468,4.5,12,923.53,烟台,烟台市莱山区31号街,18888888888
2017/3/1,济南第27号店,其他美食,'http://www.meituan.com/shop/98036752',,,,4.3,1,119.74,济南,济南市槐荫区97号街,18888888888
2017/3/1,济南第89号店,其他美食,'http://www.meituan.com/shop/99912953',,,162,4.2,4,9.51,济南,济南市齐州区56号街,18888888888
2017/3/1,潍坊第94号店,其他美食,'exceptionhttp://www.meituan.com/shop/108561072',,,,4.3,0,42.44,潍坊,潍坊市潍城区34号街,18888888888
2017/3/1,烟台第14号店,其他美食,'http://www.meituan.com/shop/90563058',,176,,4.9,1,12.63,烟台,烟台市福山区94号街,18888888888
2017/3/1,济南第95号店,海鲜,'http://www.meituan.com/shop/152409697',,,263,"分
                                ",7,446.61,济南,济南市槐荫区41号街,18888888888
2017/3/1,烟台第22号店,海鲜,'http://www.meituan.com/shop/90518196',,,,4.8,1,79.82,烟台,烟台市福山区81号街,18888888888
2017/3/1,潍坊第58号店,东北菜,'http://www.meituan.com/shop/98709094',,180,142,4.6,4,269.18,潍坊,潍坊市寒亭区38号街,18888888888
2017/6/1,临沂第71号店,自助餐,'http://rizhao.meituan.com/shop/5485171',三,29577,21007,5,348,22595,临沂,临沂市兰山区15号街,18888888888
2017/6/1,青岛第8号店,自助餐,'http://rizhao.meituan.com/shop/79395507',黑,2006,1823,4.4,30,1175.21,青岛,青岛市黄岛区18号街,18888888888
2017/6/1,济南第98号店,自助餐,'http://rizhao.meituan.com/shop/5599528',韩,3960,10833,4.6,180,8573.87,济南,济南市槐荫区84号街,18888888888
2017/6/1,青岛第14号店,自助餐,'http://rizhao.meituan.com/shop/6503410',虾,39828,49008,5,813,50164.8,青岛,青岛市崂山区36号街,18888888888
2017/6/1,临沂第46号店,自助餐,'http://rizhao.meituan.com/shop/153636045',,,513,3.5,8,396.32,临沂,临沂市河东区0号街,18888888888
2017/6/1,济南第73号店,自助餐,'http://rizhao.meituan.com/shop/51725566',海,,,4.4,0,0,济南,济南市齐州区53号街,18888888888
2017/6/1,青岛第68号店,自助餐,'http://rizhao.meituan.com/shop/104351544',水,5554,48243,4.8,801,41346.1,青岛,青岛市市南区23号街,18888888888
2017/6/1,潍坊第92号店,自助餐,'http://rizhao.meituan.com/shop/80264513',饮,2720,10320,4.6,171,11726.9,潍坊,潍坊市寒亭区68号街,18888888888
2017/6/1,济南第31号店,自助餐,'http://rizhao.meituan.com/shop/42916486',大,10754,32708,4.7,543,29658.2,济南,济南市历城区84号街,18888888888
2017/6/1,济南第15号店,自助餐,'http://rizhao.meituan.com/shop/6341405',烤,10872,26482,5,440,13613,济南,济南市槐荫区51号街,18888888888
2017/3/1,潍坊第2号店,东北菜,'http://www.meituan.com/shop/4741533',,3648,2776,4,70,12375.2,潍坊,潍坊市坊子区10号街,18888888888
2017/3/1,潍坊第44号店,东北菜,'http://www.meituan.com/shop/103760422',,538,2559,5,65,1545.65,潍坊,潍坊市潍城区36号街,18888888888
2017/3/1,临沂第39号店,东北菜,'http://www.meituan.com/shop/112226372',,120,442,5,5,53.32,临沂,临沂市兰山区76号街,18888888888
2017/3/1,青岛第98号店,东北菜,'http://www.meituan.com/shop/94166735',,213,367,4.7,6,78.5,青岛,青岛市黄岛区84号街,18888888888
2017/3/1,济南第28号店,东北菜,'http://www.meituan.com/shop/116362642',,,128,5,4,450.65,济南,济南市历下区58号街,18888888888
2017/3/1,烟台第35号店,海鲜,'http://www.meituan.com/shop/92999034',,125,100,5,0,0,烟台,烟台市福山区59号街,18888888888
2017/3/1,青岛第81号店,海鲜,'http://www.meituan.com/shop/50503471',,,,5,1,0.51,青岛,青岛市市北区88号街,18888888888
2017/3/1,潍坊第31号店,海鲜,'http://www.meituan.com/shop/96576458',,,,5,1,5.05,潍坊,潍坊市寒亭区5号街,18888888888
2017/3/1,济南第38号店,海鲜,'http://www.meituan.com/shop/92227565',,,,"分
                                ",0,0,济南,济南市槐荫区94号街,18888888888
2017/3/1,潍坊第44号店,海鲜,'http://www.meituan.com/shop/41110924',,248,127,4.5,0,0,潍坊,潍坊市坊子区33号街,18888888888
2017/3/1,烟台第72号店,海鲜,'http://www.meituan.com/shop/6913633',,527,284,4.2,7,3766.9,烟台,烟台市福山区82号街,18888888888
2017/3/1,青岛第73号店,海鲜,'http://www.meituan.com/shop/6454917',,,,4.2,0,42.44,青岛,青岛市崂山区54号街,18888888888
2017/3/1,烟台第45号店,海鲜,'http://www.meituan.com/shop/41904381',,196,,4.1,1,84.88,烟台,烟台市芝罘区95号街,18888888888
2017/3/1,青岛第9号店,海鲜,'http://www.meituan.com/shop/97659413',,,,3.8,0,30.31,青岛,青岛市市北区65号街,18888888888
2017/3/1,青岛第62号店,海鲜,'http://www.meituan.com/shop/42726634',,1095,252,4.4,0,0,青岛,青岛市黄岛区13号街,18888888888
2017/3/1,济南第56号店,东北菜,'http://www.meituan.com/shop/66710306',,,,5,2,422.36,济南,济南市历下区51号街,18888888888
2017/3/1,青岛第90号店,东北菜,'http://www.meituan.com/shop/96448707',,,,"分
                                ",0,0,青岛,青岛市市北区62号街,18888888888
2017/3/1,潍坊第66号店,东北菜,'http://www.meituan.com/shop/42628888',,,,"分
                                ",0,0,潍坊,潍坊市坊子区89号街,18888888888
2017/3/1,青岛第65号店,创意菜,'http://www.meituan.com/shop/95099025',,1885,2317,5,236,15135.9,青岛,青岛市黄岛区82号街,18888888888
2017/3/1,潍坊第92号店,创意菜,'http://www.meituan.com/shop/95943531',肉,507,676,4.7,21,2226.99,潍坊,潍坊市坊子区86号街,18888888888
2017/3/1,烟台第16号店,东北菜,'http://www.meituan.com/shop/76287318',,,102,4.7,5,429.43,烟台,烟台市牟平区16号街,18888888888
2017/3/1,临沂第68号店,创意菜,'http://www.meituan.com/shop/6820190',蛋,1120,562,4.4,14,1222.62,临沂,临沂市河东区3号街,18888888888
2017/3/1,临沂第13号店,创意菜,'http://www.meituan.com/shop/83088595',,4320,4991,5,250,15525.8,临沂,临沂市罗庄区18号街,18888888888
2017/3/1,临沂第58号店,创意菜,'http://www.meituan.com/shop/4087118',,,,4,0,0,临沂,临沂市罗庄区11号街,18888888888
2017/4/1,潍坊第54号店,川湘菜,'http://www.meituan.com/shop/78576139',,725,466,4.6,4,336.5,潍坊,潍坊市潍城区60号街,18888888888
2017/4/1,潍坊第99号店,川湘菜,'http://www.meituan.com/shop/77520361',石,1065,1367,5,41,3137.72,潍坊,潍坊市寒亭区90号街,18888888888
2017/3/1,烟台第84号店,创意菜,'exceptionhttp://www.meituan.com/shop/2179541',鱼,6345,7240,5,183,19139.8,烟台,烟台市蓬莱区69号街,18888888888
2017/4/1,青岛第71号店,川湘菜,'http://www.meituan.com/shop/102339707',,,209,5,8,245.02,青岛,青岛市黄岛区74号街,18888888888
2017/4/1,青岛第53号店,川湘菜,'http://www.meituan.com/shop/6746144',,855,810,5,0,11.16,青岛,青岛市市南区72号街,18888888888
2017/4/1,青岛第71号店,川湘菜,'http://www.meituan.com/shop/2174802',,,,4.1,3,292.13,青岛,青岛市黄岛区56号街,18888888888
2017/4/1,烟台第24号店,川湘菜,'http://www.meituan.com/shop/96066304',,810,1705,5,26,2375.97,烟台,烟台市莱山区72号街,18888888888
2017/4/1,临沂第9号店,川湘菜,'http://www.meituan.com/shop/4469170',,1148,,5,0,34.48,临沂,临沂市兰山区75号街,18888888888
2017/4/1,济南第49号店,川湘菜,'http://www.meituan.com/shop/92651072',,120,136,4.9,0,179.42,济南,济南市天桥区23号街,18888888888
2017/4/1,临沂第73号店,川湘菜,'http://www.meituan.com/shop/102463663',,1422,249,4.6,6,790.82,临沂,临沂市兰山区77号街,18888888888
2017/3/1,烟台第99号店,创意菜,'http://www.meituan.com/shop/95861551',,2520,890,5,13,1472.45,烟台,烟台市芝罘区62号街,18888888888
2017/4/1,青岛第40号店,川湘菜,'http://www.meituan.com/shop/119608892',,,,"分
                                ",0,0,青岛,青岛市市南区76号街,18888888888
2017/4/1,烟台第15号店,火锅,'http://www.meituan.com/shop/97662478',,151,1481,5,29,2554.11,烟台,烟台市牟平区43号街,18888888888
2017/4/1,临沂第71号店,火锅,'http://www.meituan.com/shop/157680812',,,,"分
                                ",0,0,临沂,临沂市兰山区34号街,18888888888
2017/4/1,青岛第96号店,火锅,'http://www.meituan.com/shop/68557759',,333,775,5,13,152.03,青岛,青岛市四方区57号街,18888888888
2017/4/1,潍坊第73号店,火锅,'http://www.meituan.com/shop/4992543',手,1767,2324,4.9,60,6979.91,潍坊,潍坊市奎文区64号街,18888888888
2017/4/1,烟台第55号店,火锅,'http://www.meituan.com/shop/152383025',,,,"分
                                ",0,0,烟台,烟台市莱山区88号街,18888888888
2017/4/1,临沂第6号店,火锅,'http://www.meituan.com/shop/107934490',红,156,,5,0,71.19,临沂,临沂市河东区98号街,18888888888
2017/3/1,青岛第3号店,其他美食,'http://www.meituan.com/shop/98694963',,108,,4.3,0,174.8,青岛,青岛市四方区46号街,18888888888
2017/3/1,青岛第88号店,其他美食,'http://www.meituan.com/shop/92347750',,222,353,5,9,118.61,青岛,青岛市崂山区97号街,18888888888
2017/3/1,临沂第27号店,其他美食,'http://www.meituan.com/shop/6293451',,1573,518,4,15,1160.38,临沂,临沂市兰山区38号街,18888888888
2017/3/1,烟台第62号店,其他美食,'http://www.meituan.com/shop/40877623',,528,229,4.8,10,1208.74,烟台,烟台市莱山区83号街,18888888888
2017/3/1,济南第56号店,其他美食,'http://www.meituan.com/shop/42406083',,168,576,5,15,2704.92,济南,济南市历下区47号街,18888888888
2017/3/1,临沂第67号店,其他美食,'http://www.meituan.com/shop/68129354',,,152,4.8,4,455.2,临沂,临沂市兰山区86号街,18888888888
2017/3/1,临沂第78号店,其他美食,'http://www.meituan.com/shop/40376832',,900,434,5,8,1237.79,临沂,临沂市兰山区1号街,18888888888
2017/7/1,临沂第85号店,自助餐,'http://rizhao.meituan.com/shop/6341405',烤,2157,26963,5,95,2904.5,临沂,临沂市河东区53号街,18888888888
2017/7/1,青岛第15号店,自助餐,'http://rizhao.meituan.com/shop/2536979',牛,1318,20245,5,2561,180529,青岛,青岛市崂山区19号街,18888888888
2017/6/1,潍坊第48号店,自助餐,'http://rizhao.meituan.com/shop/2174820',刺,3696,831,4.4,13,1667.26,潍坊,潍坊市潍城区40号街,18888888888
2017/6/1,临沂第41号店,自助餐,'http://rizhao.meituan.com/shop/101325656',水,981,3290,5,54,1035.84,临沂,临沂市兰山区83号街,18888888888
2017/6/1,临沂第82号店,自助餐,'http://rizhao.meituan.com/shop/98003016',海,1878,,5,0,0,临沂,临沂市兰山区96号街,18888888888
2017/6/1,青岛第2号店,自助餐,'http://rizhao.meituan.com/shop/5872682',大,3168,6166,5,102,5010.4,青岛,青岛市崂山区50号街,18888888888
2017/6/1,济南第82号店,自助餐,'http://rizhao.meituan.com/shop/159401130',,,,"分
                                ",0,16.24,济南,济南市齐州区93号街,18888888888
2017/6/1,临沂第52号店,自助餐,'http://rizhao.meituan.com/shop/113192008',海,4492,19536,5,324,17097.4,临沂,临沂市兰山区28号街,18888888888
2017/3/1,济南第66号店,云贵菜,'http://www.meituan.com/shop/1981688',茄,4648,3578,4.5,92,9369.49,济南,济南市天桥区37号街,18888888888
2017/3/1,潍坊第4号店,云贵菜,'http://www.meituan.com/shop/5300001',菠,481,2664,5,170,15300.5,潍坊,潍坊市坊子区47号街,18888888888
2017/3/1,青岛第59号店,云贵菜,'http://www.meituan.com/shop/4707093',菠,6954,3149,5,79,7337.76,青岛,青岛市四方区3号街,18888888888
2017/3/1,临沂第36号店,云贵菜,'http://www.meituan.com/shop/5858716',米,18415,8388,4.8,212,20042.9,临沂,临沂市兰山区0号街,18888888888
2017/4/1,潍坊第77号店,川湘菜,'http://www.meituan.com/shop/51275385',清,708,1122,5,29,3448.85,潍坊,潍坊市潍城区85号街,18888888888
2017/4/1,青岛第71号店,川湘菜,'http://www.meituan.com/shop/96684974',,,,4.1,0,28.35,青岛,青岛市市南区4号街,18888888888
2017/4/1,青岛第78号店,川湘菜,'http://www.meituan.com/shop/90360874',,,,"分
                                ",0,0,青岛,青岛市市北区80号街,18888888888
2017/3/1,烟台第65号店,新疆菜,'http://www.meituan.com/shop/2808871',,,,4.5,4,425.89,烟台,烟台市福山区56号街,18888888888
2017/3/1,临沂第1号店,新疆菜,'http://www.meituan.com/shop/4361157',大,3379,5410,4.6,59,4471.24,临沂,临沂市兰山区83号街,18888888888
2017/3/1,济南第18号店,新疆菜,'http://www.meituan.com/shop/60931396',馕,1624,12740,4.9,235,21143.3,济南,济南市历下区17号街,18888888888
2017/3/1,青岛第41号店,新疆菜,'http://www.meituan.com/shop/41204476',大,2718,17064,5,770,68570.3,青岛,青岛市市北区40号街,18888888888
2017/4/1,潍坊第73号店,京菜鲁菜,'http://www.meituan.com/shop/50736007',,720,391,4.7,10,1888.29,潍坊,潍坊市潍城区45号街,18888888888
2017/4/1,潍坊第25号店,京菜鲁菜,'http://www.meituan.com/shop/65755750',,154,129,4.9,8,1205.86,潍坊,潍坊市奎文区61号街,18888888888
2017/4/1,济南第31号店,京菜鲁菜,'http://www.meituan.com/shop/40084365',,,142,4.5,1,77.42,济南,济南市历下区55号街,18888888888
2017/4/1,潍坊第75号店,京菜鲁菜,'http://www.meituan.com/shop/42846308',,498,399,5,6,1201.07,潍坊,潍坊市奎文区64号街,18888888888
2017/4/1,青岛第67号店,京菜鲁菜,'http://www.meituan.com/shop/97654901',,180,,5,1,379.92,青岛,青岛市市南区42号街,18888888888
2017/4/1,济南第19号店,京菜鲁菜,'http://www.meituan.com/shop/51905798',,,,4.6,0,61.3,济南,济南市齐州区75号街,18888888888
2017/4/1,济南第88号店,京菜鲁菜,'http://www.meituan.com/shop/52852015',,,,"分
                                ",0,0,济南,济南市历下区34号街,18888888888
2017/4/1,临沂第30号店,东北菜,'http://www.meituan.com/shop/98320493',,,,3,0,0,临沂,临沂市河东区28号街,18888888888
2017/4/1,临沂第76号店,东北菜,'http://www.meituan.com/shop/41814579',,844,652,5,4,400.36,临沂,临沂市罗庄区13号街,18888888888
2017/4/1,潍坊第69号店,东北菜,'http://www.meituan.com/shop/1269493',,186,209,5,4,464.06,潍坊,潍坊市奎文区6号街,18888888888
2017/4/1,济南第53号店,东北菜,'http://www.meituan.com/shop/5794493',,11060,3155,5,8,667.91,济南,济南市槐荫区42号街,18888888888
2017/4/1,济南第93号店,东北菜,'http://www.meituan.com/shop/2174801',,4889,3271,5,95,14150.6,济南,济南市天桥区33号街,18888888888
2017/6/1,烟台第16号店,粤港菜,'http://rizhao.meituan.com/shop/89310967',,,,5,1,58.43,烟台,烟台市福山区65号街,18888888888
2017/6/1,青岛第50号店,粤港菜,'http://rizhao.meituan.com/shop/96361604',,,,"分
                                ",0,0,青岛,青岛市崂山区65号街,18888888888
2017/7/1,烟台第83号店,自助餐,'http://rizhao.meituan.com/shop/51831397',三,362,10395,5,153,10404,烟台,烟台市蓬莱区97号街,18888888888
2017/7/1,济南第46号店,自助餐,'http://rizhao.meituan.com/shop/5485171',三,7940,5272,5,849,75158,济南,济南市齐州区91号街,18888888888
2017/7/1,青岛第24号店,自助餐,'http://rizhao.meituan.com/shop/79395507',黑,401,2232,4.3,80,3112,青岛,青岛市四方区55号街,18888888888
2017/7/1,济南第1号店,自助餐,'http://rizhao.meituan.com/shop/5599528',韩,804,11546,4.3,141,6736.8,济南,济南市齐州区46号街,18888888888
2017/7/1,烟台第50号店,自助餐,'http://rizhao.meituan.com/shop/6503410',虾,8070,51563,5,498,39715.3,烟台,烟台市蓬莱区50号街,18888888888
2017/7/1,青岛第56号店,自助餐,'http://rizhao.meituan.com/shop/153636045',,,695,3,36,1685,青岛,青岛市市南区63号街,18888888888
2017/3/1,临沂第40号店,小吃快餐,'http://www.meituan.com/shop/150382211',,,,4.6,0,0,临沂,临沂市兰山区17号街,18888888888
2017/3/1,潍坊第52号店,小吃快餐,'http://www.meituan.com/shop/74543855',鸡,452,460,4.9,1,15.51,潍坊,潍坊市潍城区97号街,18888888888
2017/3/1,临沂第79号店,小吃快餐,'http://www.meituan.com/shop/96764977',,120,206,5,5,57.49,临沂,临沂市罗庄区98号街,18888888888
2017/3/1,临沂第81号店,小吃快餐,'exceptionhttp://www.meituan.com/shop/119398754',,584,1489,5,38,213.26,临沂,临沂市河东区73号街,18888888888
2017/3/1,潍坊第74号店,小吃快餐,'http://www.meituan.com/shop/70201073',,,,4.2,3,19.52,潍坊,潍坊市坊子区94号街,18888888888
2017/4/1,临沂第18号店,川湘菜,'http://www.meituan.com/shop/4405419',,31122,8236,4.7,207,25908.3,临沂,临沂市罗庄区70号街,18888888888
2017/4/1,烟台第93号店,川湘菜,'http://www.meituan.com/shop/87634803',,,,"分
                                ",0,0,烟台,烟台市蓬莱区77号街,18888888888
2017/4/1,烟台第24号店,川湘菜,'http://www.meituan.com/shop/115156652',,8780,302,5,10,1407.31,烟台,烟台市莱山区93号街,18888888888
2017/4/1,潍坊第0号店,川湘菜,'http://www.meituan.com/shop/103878611',,540,365,5,6,582.38,潍坊,潍坊市奎文区94号街,18888888888
2017/4/1,青岛第80号店,川湘菜,'http://www.meituan.com/shop/90845158',,,,"分
                                ",0,0,青岛,青岛市黄岛区30号街,18888888888
2017/4/1,青岛第35号店,川湘菜,'http://www.meituan.com/shop/40839701',,440,816,5,5,210.87,青岛,青岛市市南区1号街,18888888888
2017/4/1,临沂第36号店,川湘菜,'http://www.meituan.com/shop/5356083',,3330,2529,5,15,501.33,临沂,临沂市罗庄区73号街,18888888888
2017/4/1,青岛第30号店,川湘菜,'http://www.meituan.com/shop/97580959',,,,3.7,1,43.9,青岛,青岛市市北区55号街,18888888888
2017/4/1,济南第22号店,火锅,'http://www.meituan.com/shop/52867880',鸳,1200,1252,5,8,997.7,济南,济南市槐荫区26号街,18888888888
2017/4/1,临沂第11号店,火锅,'http://www.meituan.com/shop/76905072',,114,3509,4.7,102,5407.06,临沂,临沂市兰山区21号街,18888888888
2017/4/1,济南第78号店,火锅,'http://www.meituan.com/shop/98025723',,,159,5,3,473.79,济南,济南市天桥区93号街,18888888888
2017/4/1,烟台第12号店,火锅,'http://www.meituan.com/shop/51544144',烤,5757,9856,5,100,9187.14,烟台,烟台市芝罘区41号街,18888888888
2017/4/1,烟台第94号店,火锅,'http://www.meituan.com/shop/2174849',金,5312,4021,5,36,3635.93,烟台,烟台市牟平区61号街,18888888888
2017/4/1,临沂第56号店,京菜鲁菜,'http://www.meituan.com/shop/77584100',,,,3.5,0,0,临沂,临沂市罗庄区3号街,18888888888
2017/4/1,烟台第98号店,京菜鲁菜,'http://www.meituan.com/shop/88029577',,,,"分
                                ",0,0,烟台,烟台市蓬莱区40号街,18888888888
2017/4/1,青岛第59号店,京菜鲁菜,'http://www.meituan.com/shop/41026744',,152,141,4.1,3,167.62,青岛,青岛市黄岛区60号街,18888888888
2017/4/1,济南第95号店,京菜鲁菜,'http://www.meituan.com/shop/1269323',,4448,2418,5,10,2528.89,济南,济南市历城区1号街,18888888888
2017/4/1,临沂第36号店,京菜鲁菜,'http://www.meituan.com/shop/3265105',武,327,,5,0,0,临沂,临沂市罗庄区73号街,18888888888
2017/4/1,潍坊第65号店,京菜鲁菜,'http://www.meituan.com/shop/99174493',,,,4,0,0,潍坊,潍坊市奎文区25号街,18888888888
2017/4/1,潍坊第68号店,京菜鲁菜,'http://www.meituan.com/shop/5843848',,1176,235,5,46,7603.76,潍坊,潍坊市潍城区37号街,18888888888
2017/4/1,潍坊第30号店,京菜鲁菜,'http://www.meituan.com/shop/68597252',,,,4.4,3,466.77,潍坊,潍坊市潍城区90号街,18888888888
2017/4/1,青岛第22号店,京菜鲁菜,'http://www.meituan.com/shop/4163291',,1032,1087,5,4,1009.19,青岛,青岛市崂山区62号街,18888888888
2017/4/1,济南第94号店,火锅,'http://www.meituan.com/shop/6588304',丸,2364,2114,5,18,2794.52,济南,济南市天桥区74号街,18888888888
2017/4/1,济南第50号店,火锅,'http://www.meituan.com/shop/40748456',,644,369,4.1,3,265.79,济南,济南市天桥区24号街,18888888888
2017/4/1,烟台第67号店,京菜鲁菜,'http://www.meituan.com/shop/96487700',,,,"分
                                ",0,15.64,烟台,烟台市福山区68号街,18888888888
2017/4/1,潍坊第67号店,火锅,'http://www.meituan.com/shop/78148701',梅,342,501,4.9,1,105.84,潍坊,潍坊市奎文区98号街,18888888888
2017/4/1,烟台第89号店,火锅,'http://www.meituan.com/shop/78815030',,140,,4.7,0,40.22,烟台,烟台市蓬莱区89号街,18888888888
2017/4/1,临沂第71号店,其他美食,'http://www.meituan.com/shop/51467531',,132,,5,1,190.28,临沂,临沂市兰山区66号街,18888888888
2017/4/1,临沂第5号店,其他美食,'http://www.meituan.com/shop/91932272',,,,4.1,0,15.64,临沂,临沂市罗庄区1号街,18888888888
2017/4/1,青岛第84号店,其他美食,'http://www.meituan.com/shop/41549006',,,,"分
                                ",0,0,青岛,青岛市市北区77号街,18888888888
2017/4/1,济南第71号店,其他美食,'http://www.meituan.com/shop/69834936',,,,"分
                                ",0,0,济南,济南市齐州区63号街,18888888888
2017/4/1,青岛第50号店,其他美食,'http://www.meituan.com/shop/97589936',,,,4.4,0,0,青岛,青岛市市南区19号街,18888888888
2017/4/1,潍坊第56号店,其他美食,'http://www.meituan.com/shop/95827977',,,,4.4,0,0,潍坊,潍坊市奎文区23号街,18888888888
2017/4/1,潍坊第18号店,其他美食,'http://www.meituan.com/shop/86321750',,,,"分
                                ",0,0,潍坊,潍坊市奎文区47号街,18888888888
2017/3/1,烟台第66号店,其他美食,'http://www.meituan.com/shop/97633002',,,,"分
                                ",0,0,烟台,烟台市蓬莱区87号街,18888888888
2017/3/1,青岛第18号店,其他美食,'http://www.meituan.com/shop/99980138',,,,"分
                                ",0,0,青岛,青岛市黄岛区65号街,18888888888
2017/3/1,济南第9号店,其他美食,'http://www.meituan.com/shop/41254221',,870,276,5,0,0,济南,济南市槐荫区25号街,18888888888
2017/4/1,济南第63号店,火锅,'http://www.meituan.com/shop/96721617',,400,1346,5,3,275.85,济南,济南市槐荫区61号街,18888888888
2017/4/1,潍坊第90号店,川湘菜,'http://www.meituan.com/shop/91354180',,,,4.4,1,9.58,潍坊,潍坊市潍城区18号街,18888888888
2017/4/1,青岛第77号店,川湘菜,'http://www.meituan.com/shop/91428751',,,208,4.8,2,60.47,青岛,青岛市四方区94号街,18888888888
2017/3/1,潍坊第53号店,小吃快餐,'http://www.meituan.com/shop/99052167',,3370,2551,5,48,484.07,潍坊,潍坊市奎文区50号街,18888888888
2017/3/1,临沂第10号店,小吃快餐,'http://www.meituan.com/shop/78322813',,648,969,5,37,348.35,临沂,临沂市河东区16号街,18888888888
2017/5/1,潍坊第52号店,东北菜,'http://www.meituan.com/shop/99829263',,,,"分
                                ",0,0,潍坊,潍坊市奎文区93号街,18888888888
2017/5/1,烟台第49号店,东北菜,'http://www.meituan.com/shop/40184432',,4750,2518,5,253,22706,烟台,烟台市莱山区40号街,18888888888
2017/5/1,济南第80号店,东北菜,'http://www.meituan.com/shop/5725365',,135,,4.7,0,0,济南,济南市齐州区71号街,18888888888
2017/5/1,潍坊第22号店,东北菜,'http://www.meituan.com/shop/50463761',,3627,243,5,1,64.06,潍坊,潍坊市潍城区76号街,18888888888
2017/5/1,烟台第84号店,东北菜,'http://www.meituan.com/shop/80626801',,1494,1219,5,19,2318,烟台,烟台市牟平区21号街,18888888888
2017/4/1,济南第41号店,东北菜,'http://www.meituan.com/shop/90769861',,,,"分
                                ",0,0,济南,济南市齐州区92号街,18888888888
2017/4/1,青岛第35号店,东北菜,'http://www.meituan.com/shop/93125473',,,146,4,3,30.01,青岛,青岛市崂山区53号街,18888888888
2017/4/1,临沂第42号店,东北菜,'http://www.meituan.com/shop/42369409',,,,4.9,0,51.72,临沂,临沂市罗庄区13号街,18888888888
2017/4/1,潍坊第32号店,东北菜,'http://www.meituan.com/shop/105946970',,636,1334,5,22,937.69,潍坊,潍坊市奎文区13号街,18888888888
2017/4/1,青岛第83号店,东北菜,'http://www.meituan.com/shop/1269456',,1386,473,4.9,9,1218.94,青岛,青岛市崂山区45号街,18888888888
2017/3/1,潍坊第77号店,小吃快餐,'http://www.meituan.com/shop/92679860',,,,4.4,1,7.98,潍坊,潍坊市潍城区95号街,18888888888
2017/3/1,潍坊第47号店,小吃快餐,'http://www.meituan.com/shop/41997275',,495,1209,5,10,114.23,潍坊,潍坊市奎文区29号街,18888888888
2017/7/1,临沂第2号店,自助餐,'http://rizhao.meituan.com/shop/51725566',海,,,5,1,228,临沂,临沂市兰山区6号街,18888888888
2017/3/1,烟台第74号店,小吃快餐,'http://www.meituan.com/shop/40326774',,102,339,5,9,105.79,烟台,烟台市莱山区61号街,18888888888
2017/7/1,济南第12号店,自助餐,'http://rizhao.meituan.com/shop/80264513',饮,228,10051,4.6,24,2352,济南,济南市天桥区43号街,18888888888
2017/3/1,济南第64号店,小吃快餐,'http://www.meituan.com/shop/50194681',,336,107,4,0,0,济南,济南市历城区79号街,18888888888
2017/7/1,烟台第68号店,自助餐,'http://rizhao.meituan.com/shop/104351544',水,1286,57545,4.9,4554,222118,烟台,烟台市蓬莱区93号街,18888888888
2017/3/1,烟台第41号店,小吃快餐,'http://www.meituan.com/shop/40013828',麻,676,1491,5,38,278.28,烟台,烟台市牟平区48号街,18888888888
2017/3/1,济南第36号店,小吃快餐,'http://www.meituan.com/shop/94101685',香,1280,620,4.7,17,239.46,济南,济南市齐州区17号街,18888888888
2017/3/1,烟台第76号店,小吃快餐,'http://www.meituan.com/shop/61103230',,,,3.5,0,6.06,烟台,烟台市牟平区0号街,18888888888
2017/3/1,济南第2号店,小吃快餐,'http://www.meituan.com/shop/84168557',,305,1150,4.5,29,868.59,济南,济南市历下区86号街,18888888888
2017/3/1,潍坊第13号店,小吃快餐,'http://www.meituan.com/shop/2816446',,1305,431,4.3,19,2073.16,潍坊,潍坊市坊子区26号街,18888888888
2017/3/1,潍坊第58号店,小吃快餐,'http://www.meituan.com/shop/71608134',,204,554,5,14,137.09,潍坊,潍坊市寒亭区81号街,18888888888
2017/3/1,青岛第53号店,小吃快餐,'http://www.meituan.com/shop/40333955',烤,1230,375,5,48,496.17,青岛,青岛市崂山区85号街,18888888888
2017/3/1,烟台第30号店,小吃快餐,'http://www.meituan.com/shop/40955095',沙,407,2176,4.5,35,382.73,烟台,烟台市芝罘区5号街,18888888888
2017/3/1,潍坊第82号店,小吃快餐,'http://www.meituan.com/shop/41752686',,3408,3147,5,79,613.03,潍坊,潍坊市坊子区7号街,18888888888
2017/8/1,临沂第1号店,粤港菜,'http://rizhao.meituan.com/shop/6691484',,2943,228,4.5,58,5663,临沂,临沂市河东区5号街,18888888888
2017/8/1,临沂第13号店,粤港菜,'http://rizhao.meituan.com/shop/116151100',,687,1167,5,307,28697,临沂,临沂市罗庄区42号街,18888888888
2017/8/1,青岛第22号店,粤港菜,'http://rizhao.meituan.com/shop/41966661',,7705,2608,5,81,9632,青岛,青岛市市南区48号街,18888888888
2017/7/1,青岛第54号店,粤港菜,'http://rizhao.meituan.com/shop/41537950',,,320,4.4,1,49.8,青岛,青岛市崂山区65号街,18888888888
2017/7/1,济南第83号店,粤港菜,'http://rizhao.meituan.com/shop/89310967',,,,5,1,42,济南,济南市天桥区55号街,18888888888
2017/7/1,济南第92号店,粤港菜,'http://rizhao.meituan.com/shop/96361604',,,,"分
                                ",0,0,济南,济南市槐荫区91号街,18888888888
2017/7/1,临沂第61号店,粤港菜,'http://rizhao.meituan.com/shop/6691484',,380,170,4.7,5,632,临沂,临沂市罗庄区63号街,18888888888
2017/8/1,临沂第91号店,自助餐,'http://rizhao.meituan.com/shop/80264513',饮,1208,10050,4.6,0,0,临沂,临沂市河东区28号街,18888888888
2017/8/1,临沂第72号店,自助餐,'http://rizhao.meituan.com/shop/42916486',大,11028,34094,4.9,629,35066,临沂,临沂市罗庄区90号街,18888888888
2017/8/1,临沂第83号店,自助餐,'http://rizhao.meituan.com/shop/6341405',烤,11178,26972,5,10,279,临沂,临沂市罗庄区73号街,18888888888
2017/8/1,临沂第77号店,自助餐,'http://rizhao.meituan.com/shop/2536979',牛,10668,25925,5,5680,397022,临沂,临沂市河东区30号街,18888888888
2017/7/1,潍坊第61号店,自助餐,'http://rizhao.meituan.com/shop/2174820',刺,738,1157,4.7,65,8710,潍坊,潍坊市寒亭区25号街,18888888888
2017/7/1,潍坊第69号店,自助餐,'http://rizhao.meituan.com/shop/101325656',水,210,3602,4.8,63,1531.6,潍坊,潍坊市潍城区41号街,18888888888
2017/7/1,济南第78号店,自助餐,'http://rizhao.meituan.com/shop/5872682',大,208,,5,2,1056,济南,济南市历城区82号街,18888888888
2017/7/1,临沂第53号店,自助餐,'http://rizhao.meituan.com/shop/113192008',海,930,21433,4.6,369,19341,临沂,临沂市兰山区33号街,18888888888
2017/7/1,济南第28号店,自助餐,'http://rizhao.meituan.com/shop/159401130',,,967,4.5,185,9241.4,济南,济南市天桥区87号街,18888888888
2017/7/1,潍坊第74号店,自助餐,'http://rizhao.meituan.com/shop/101807046',海,880,33516,5,960,80910,潍坊,潍坊市奎文区45号街,18888888888
2017/7/1,济南第66号店,粤港菜,'http://rizhao.meituan.com/shop/116151100',,126,1085,5,18,1958,济南,济南市齐州区40号街,18888888888
2017/7/1,烟台第19号店,粤港菜,'http://rizhao.meituan.com/shop/41966661',,1475,2647,5,20,2838,烟台,烟台市牟平区34号街,18888888888
2017/4/1,青岛第29号店,川湘菜,'http://www.meituan.com/shop/60782858',,,,4.4,2,267.23,青岛,青岛市四方区87号街,18888888888
2017/4/1,青岛第19号店,川湘菜,'http://www.meituan.com/shop/58589',,,,4.6,1,19.09,青岛,青岛市市北区7号街,18888888888
2017/4/1,临沂第71号店,川湘菜,'http://www.meituan.com/shop/5000435',,2910,643,5,6,662.47,临沂,临沂市罗庄区48号街,18888888888
2017/4/1,烟台第30号店,川湘菜,'http://www.meituan.com/shop/6379517',鱿,3808,1297,5,0,0,烟台,烟台市福山区88号街,18888888888
2017/4/1,青岛第73号店,川湘菜,'http://www.meituan.com/shop/102833082',,584,1856,4.8,73,8100.04,青岛,青岛市崂山区26号街,18888888888
2017/4/1,济南第89号店,川湘菜,'http://www.meituan.com/shop/96213677',,,115,4.6,5,592.86,济南,济南市历城区98号街,18888888888
2017/4/1,烟台第30号店,川湘菜,'http://www.meituan.com/shop/82169037',,360,275,5,7,399.72,烟台,烟台市蓬莱区48号街,18888888888
2017/4/1,临沂第52号店,川湘菜,'http://www.meituan.com/shop/91543047',,,125,4.1,4,394.92,临沂,临沂市河东区77号街,18888888888
2017/4/1,青岛第63号店,川湘菜,'http://www.meituan.com/shop/2733005',清,1332,350,5,14,2685,青岛,青岛市市北区12号街,18888888888
2017/4/1,潍坊第61号店,川湘菜,'http://www.meituan.com/shop/2566945',1,1860,702,5,2,351.19,潍坊,潍坊市坊子区4号街,18888888888
2017/6/1,临沂第30号店,粤港菜,'http://rizhao.meituan.com/shop/41537950',,441,322,4.4,4,125.7,临沂,临沂市罗庄区51号街,18888888888
2017/7/1,青岛第60号店,自助餐,'http://rizhao.meituan.com/shop/42916486',大,2118,33465,4.7,148,8242,青岛,青岛市市南区60号街,18888888888
2017/6/1,潍坊第45号店,粤港菜,'http://rizhao.meituan.com/shop/116151100',,576,972,5,16,1559.36,潍坊,潍坊市潍城区27号街,18888888888
2017/4/1,潍坊第83号店,火锅,'http://www.meituan.com/shop/65297634',,,,3.8,0,63.85,潍坊,潍坊市坊子区73号街,18888888888
2017/6/1,济南第34号店,粤港菜,'http://rizhao.meituan.com/shop/6691484',,1942,147,4.7,2,314.73,济南,济南市历下区47号街,18888888888
2017/4/1,潍坊第1号店,火锅,'http://www.meituan.com/shop/4880285',火,4344,3371,4.4,63,3858.47,潍坊,潍坊市潍城区3号街,18888888888
2017/4/1,临沂第78号店,火锅,'http://www.meituan.com/shop/40265565',,,,4.7,4,35.12,临沂,临沂市罗庄区37号街,18888888888
2017/4/1,潍坊第4号店,火锅,'http://www.meituan.com/shop/40875283',精,8620,2287,5,8,941.99,潍坊,潍坊市寒亭区85号街,18888888888
2017/4/1,临沂第76号店,火锅,'http://www.meituan.com/shop/1269378',菜,5992,1331,3.5,77,3089.12,临沂,临沂市罗庄区95号街,18888888888
2017/4/1,青岛第64号店,火锅,'http://www.meituan.com/shop/6886824',地,464,445,4.9,7,706.2,青岛,青岛市四方区81号街,18888888888
2017/4/1,潍坊第49号店,火锅,'http://www.meituan.com/shop/4467873',,700,706,4.4,1,164.11,潍坊,潍坊市寒亭区97号街,18888888888
2017/4/1,烟台第27号店,火锅,'http://www.meituan.com/shop/5333830',菜,1701,1510,5,13,451.43,烟台,烟台市牟平区49号街,18888888888
2017/4/1,青岛第83号店,火锅,'http://www.meituan.com/shop/110248010',,,115,4.2,2,207.52,青岛,青岛市市北区60号街,18888888888
2017/4/1,青岛第16号店,火锅,'http://www.meituan.com/shop/106233462',,194,2365,5,69,5834.56,青岛,青岛市四方区47号街,18888888888
2017/6/1,青岛第79号店,粤港菜,'http://rizhao.meituan.com/shop/41966661',,7420,2553,5,41,3516.77,青岛,青岛市黄岛区26号街,18888888888
2017/5/1,青岛第26号店,粤港菜,'http://www.meituan.com/shop/41537950',,420,325,4.4,0,0,青岛,青岛市黄岛区82号街,18888888888
2017/5/1,潍坊第21号店,粤港菜,'http://www.meituan.com/shop/89310967',,,,5,0,0,潍坊,潍坊市奎文区66号街,18888888888
2017/5/1,济南第13号店,粤港菜,'exceptionexceptionhttp://www.meituan.com/shop/96361604',,,,"分
                                ",0,0,济南,济南市齐州区70号街,18888888888
2017/5/1,潍坊第64号店,粤港菜,'http://www.meituan.com/shop/6691484',,1836,108,5,3,358.9,潍坊,潍坊市奎文区88号街,18888888888
2017/5/1,潍坊第57号店,粤港菜,'http://www.meituan.com/shop/41966661',,6550,2651,5,14,2122.85,潍坊,潍坊市潍城区39号街,18888888888
2017/4/1,济南第64号店,其他美食,'http://www.meituan.com/shop/51903483',,,,"分
                                ",0,0,济南,济南市历下区75号街,18888888888
2017/4/1,潍坊第7号店,其他美食,'http://www.meituan.com/shop/62931245',,,,"分
                                ",0,0,潍坊,潍坊市寒亭区70号街,18888888888
2017/4/1,济南第30号店,其他美食,'http://www.meituan.com/shop/92268529',,,,"分
                                ",0,0,济南,济南市历下区37号街,18888888888
2017/4/1,烟台第33号店,其他美食,'http://www.meituan.com/shop/6482942',,606,463,4,16,2748.55,烟台,烟台市福山区46号街,18888888888
2017/4/1,潍坊第72号店,其他美食,'http://www.meituan.com/shop/1269768',,217,,5,0,1.58,潍坊,潍坊市坊子区90号街,18888888888
2017/4/1,青岛第14号店,其他美食,'http://www.meituan.com/shop/61439247',,124,,4.3,1,256.52,青岛,青岛市市南区20号街,18888888888
2017/4/1,青岛第91号店,其他美食,'http://www.meituan.com/shop/89112155',,188,,4.2,1,192.84,青岛,青岛市四方区25号街,18888888888
2017/4/1,青岛第45号店,其他美食,'http://www.meituan.com/shop/72495163',,1020,365,4,0,0,青岛,青岛市黄岛区15号街,18888888888
2017/4/1,济南第67号店,其他美食,'http://www.meituan.com/shop/96452566',小,2970,2263,5,0,0,济南,济南市齐州区92号街,18888888888
2017/4/1,烟台第57号店,东北菜,'http://www.meituan.com/shop/75194805',,152,198,4.9,6,595.43,烟台,烟台市福山区33号街,18888888888
2017/4/1,青岛第71号店,其他美食,'http://www.meituan.com/shop/114261600',,,,"分
                                ",0,14.69,青岛,青岛市黄岛区96号街,18888888888
2017/4/1,潍坊第20号店,东北菜,'http://www.meituan.com/shop/6713219',,11401,3678,5,27,2788.98,潍坊,潍坊市奎文区99号街,18888888888
2017/4/1,潍坊第34号店,东北菜,'http://www.meituan.com/shop/99829263',,,,"分
                                ",0,0,潍坊,潍坊市潍城区54号街,18888888888
2017/4/1,潍坊第33号店,东北菜,'http://www.meituan.com/shop/40184432',,4666,2342,5,69,6267.16,潍坊,潍坊市奎文区15号街,18888888888
2017/4/1,烟台第14号店,东北菜,'http://www.meituan.com/shop/86420980',,,,4.7,0,180.38,烟台,烟台市芝罘区71号街,18888888888
2017/5/1,济南第8号店,京菜鲁菜,'http://www.meituan.com/shop/5145366',,102,,4.4,0,0,济南,济南市历城区89号街,18888888888
2017/5/1,潍坊第45号店,京菜鲁菜,'http://www.meituan.com/shop/41267977',,2735,1120,5,3,547.45,潍坊,潍坊市奎文区8号街,18888888888
2017/5/1,济南第54号店,京菜鲁菜,'http://www.meituan.com/shop/96053660',,,,"分
                                ",0,0,济南,济南市槐荫区85号街,18888888888
2017/5/1,青岛第85号店,京菜鲁菜,'http://www.meituan.com/shop/97629226',,,,4.2,0,0,青岛,青岛市四方区38号街,18888888888
2017/5/1,潍坊第51号店,京菜鲁菜,'http://www.meituan.com/shop/51505641',,,,4,0,0,潍坊,潍坊市坊子区99号街,18888888888
2017/5/1,济南第83号店,京菜鲁菜,'http://www.meituan.com/shop/40811759',,3592,3089,5,9,256.04,济南,济南市齐州区91号街,18888888888
2017/5/1,烟台第77号店,京菜鲁菜,'http://www.meituan.com/shop/5817810',,532,2327,4.9,6,171.23,烟台,烟台市牟平区55号街,18888888888
2017/5/1,青岛第5号店,京菜鲁菜,'http://www.meituan.com/shop/42693811',,4126,8219,5,46,881.39,青岛,青岛市市北区54号街,18888888888
2017/5/1,潍坊第8号店,京菜鲁菜,'http://www.meituan.com/shop/6926595',,7587,24037,5,2404,92875.2,潍坊,潍坊市奎文区69号街,18888888888
2017/4/1,济南第65号店,京菜鲁菜,'http://www.meituan.com/shop/98524034',,876,724,5,47,4363.87,济南,济南市槐荫区22号街,18888888888
2017/3/1,潍坊第58号店,其他美食,'http://www.meituan.com/shop/101488619',,234,174,4.5,0,32.33,潍坊,潍坊市潍城区61号街,18888888888
2017/3/1,烟台第0号店,其他美食,'http://www.meituan.com/shop/103859765',,691,1535,5,39,4220.58,烟台,烟台市蓬莱区35号街,18888888888
2017/3/1,临沂第82号店,其他美食,'http://www.meituan.com/shop/99362596',,,,4.1,0,44.46,临沂,临沂市河东区67号街,18888888888
2017/3/1,潍坊第30号店,小吃快餐,'http://www.meituan.com/shop/41941159',,,,4.1,0,0,潍坊,潍坊市寒亭区36号街,18888888888
2017/3/1,潍坊第79号店,小吃快餐,'http://www.meituan.com/shop/93094206',,261,628,5,16,138.38,潍坊,潍坊市寒亭区16号街,18888888888
2017/3/1,青岛第87号店,小吃快餐,'http://www.meituan.com/shop/85665378',,,,3.5,0,0,青岛,青岛市崂山区62号街,18888888888
2017/3/1,济南第59号店,小吃快餐,'http://www.meituan.com/shop/107914449',,112,407,5,10,55.7,济南,济南市天桥区54号街,18888888888
2017/3/1,烟台第37号店,小吃快餐,'http://www.meituan.com/shop/42243390',馅,162,493,4.3,0,10.3,烟台,烟台市牟平区83号街,18888888888
2017/3/1,潍坊第42号店,小吃快餐,'http://www.meituan.com/shop/4587087',,366,1935,5,37,570.42,潍坊,潍坊市奎文区80号街,18888888888
2017/3/1,青岛第82号店,小吃快餐,'http://www.meituan.com/shop/41169414',,,,"分
                                ",0,0,青岛,青岛市市南区68号街,18888888888
2017/3/1,烟台第13号店,小吃快餐,'http://www.meituan.com/shop/41678786',,,,"分
                                ",0,34.86,烟台,烟台市芝罘区83号街,18888888888
2017/3/1,济南第48号店,小吃快餐,'http://www.meituan.com/shop/93939581',,,163,5,4,63.86,济南,济南市历下区41号街,18888888888
2017/3/1,济南第13号店,其他美食,'http://www.meituan.com/shop/67254155',,3073,2704,5,63,765.16,济南,济南市齐州区57号街,18888888888
2017/3/1,青岛第16号店,其他美食,'http://www.meituan.com/shop/96088259',,,,4.1,1,38.55,青岛,青岛市崂山区84号街,18888888888
2017/3/1,青岛第24号店,小吃快餐,'http://www.meituan.com/shop/4012932',小,3585,5674,5,143,786.57,青岛,青岛市市南区53号街,18888888888
2017/3/1,潍坊第38号店,其他美食,'http://www.meituan.com/shop/51187781',,,123,4.1,3,266.75,潍坊,潍坊市坊子区1号街,18888888888
2017/3/1,济南第68号店,其他美食,'http://www.meituan.com/shop/84371667',,,,3.5,0,29.81,济南,济南市天桥区1号街,18888888888
2017/3/1,青岛第29号店,其他美食,'http://www.meituan.com/shop/92184812',,,,"分
                                ",0,32.33,青岛,青岛市市北区23号街,18888888888
2017/3/1,济南第25号店,其他美食,'http://www.meituan.com/shop/52791771',,,,"分
                                ",0,0,济南,济南市槐荫区78号街,18888888888
2017/5/1,潍坊第81号店,东北菜,'http://www.meituan.com/shop/105946970',,636,1334,5,16,748.38,潍坊,潍坊市寒亭区66号街,18888888888
2017/5/1,临沂第65号店,东北菜,'http://www.meituan.com/shop/1269456',,1386,473,4.9,6,882.34,临沂,临沂市河东区31号街,18888888888
2017/5/1,烟台第54号店,东北菜,'http://www.meituan.com/shop/98320493',,,,3,0,0,烟台,烟台市牟平区31号街,18888888888
